Team,Match Up,Game Date,W/L,MIN,PTS,FGM,FGA,FG%,3PM,3PA,3P%,FTM,FTA,FT%,OREB,DREB,REB,AST,TOV,STL,BLK,PF,+/-,
WAS,WAS @ LVA,08/05/2019,W,40,99,40,73,54.8,10,29,34.5,9,13,69.2,11,26,37,28,9,4,5,17,29,
LVA,LVA vs. WAS,08/05/2019,L,40,70,28,72,38.9,6,13,46.2,8,9,88.9,9,17,26,22,11,3,1,17,-29,
NYL,NYL vs. CON,08/04/2019,L,40,79,31,71,43.7,4,22,18.2,13,15,86.7,8,25,33,20,17,4,5,21,-15,
CON,CON @ NYL,08/04/2019,W,40,94,32,69,46.4,11,26,42.3,19,25,76.0,9,26,35,25,11,11,3,15,15,
WAS,WAS @ PHO,08/04/2019,L,40,82,32,74,43.2,6,20,30.0,12,13,92.3,10,21,31,23,7,4,3,15,-21,
SEA,SEA @ LAS,08/04/2019,L,40,75,30,70,42.9,9,19,47.4,6,6,100,8,20,28,21,19,11,0,19,-8,
PHO,PHO vs. WAS,08/04/2019,W,40,103,39,67,58.2,12,24,50.0,13,13,100,4,28,32,28,11,4,5,16,21,
LAS,LAS vs. SEA,08/04/2019,W,40,83,32,61,52.5,6,20,30.0,13,15,86.7,5,26,31,23,17,10,5,12,8,
LVA,LVA @ DAL,08/03/2019,W,40,75,24,60,40.0,7,16,43.8,20,29,69.0,8,27,35,14,19,7,2,9,5,
DAL,DAL vs. LVA,08/03/2019,L,40,70,27,70,38.6,10,18,55.6,6,8,75.0,7,20,27,18,14,11,6,21,-5,
CHI,CHI @ ATL,08/03/2019,W,40,87,34,69,49.3,11,25,44.0,8,10,80.0,5,34,39,29,20,7,6,15,12,
IND,IND vs. MIN,08/03/2019,W,40,86,34,71,47.9,7,23,30.4,11,11,100,10,18,28,22,18,10,2,17,11,
ATL,ATL vs. CHI,08/03/2019,L,40,75,26,75,34.7,8,28,28.6,15,21,71.4,8,27,35,12,14,11,5,14,-12,
MIN,MIN @ IND,08/03/2019,L,40,75,31,63,49.2,2,11,18.2,11,13,84.6,6,18,24,20,22,9,2,21,-11,
SEA,SEA vs. WAS,08/02/2019,L,40,79,30,76,39.5,3,22,13.6,16,20,80.0,11,18,29,20,7,8,4,14,-20,
WAS,WAS @ SEA,08/02/2019,W,40,99,34,62,54.8,13,22,59.1,18,19,94.7,7,31,38,23,15,3,5,17,20,
CON,CON vs. PHO,08/01/2019,W,40,68,26,71,36.6,5,17,29.4,11,14,78.6,12,28,40,18,16,13,0,15,6,
PHO,PHO @ CON,08/01/2019,L,40,62,25,63,39.7,5,20,25.0,7,9,77.8,6,23,29,15,18,8,9,11,-6,
LVA,LVA @ LAS,08/01/2019,L,40,68,25,71,35.2,5,17,29.4,13,17,76.5,10,29,39,17,15,7,4,13,-8,
NYL,NYL @ DAL,08/01/2019,L,40,64,20,57,35.1,4,13,30.8,20,25,80.0,6,21,27,15,22,10,2,26,-23,
LAS,LAS vs. LVA,08/01/2019,W,40,76,30,71,42.3,9,26,34.6,7,7,100,5,28,33,19,14,7,7,18,8,
DAL,DAL vs. NYL,08/01/2019,W,40,87,30,64,46.9,7,22,31.8,20,24,83.3,9,24,33,24,18,13,6,21,23,
ATL,ATL @ IND,07/31/2019,L,40,59,22,76,28.9,5,23,21.7,10,15,66.7,12,32,44,17,16,7,5,21,-2,
IND,IND vs. ATL,07/31/2019,W,40,61,20,65,30.8,2,16,12.5,19,26,73.1,7,36,43,14,16,11,4,17,2,
DAL,DAL @ LVA,07/30/2019,L,40,54,18,63,28.6,6,20,30.0,12,20,60.0,10,29,39,11,19,4,4,22,-32,
LVA,LVA vs. DAL,07/30/2019,W,40,86,30,64,46.9,8,13,61.5,18,23,78.3,5,36,41,27,10,13,4,14,32,
PHO,PHO @ WAS,07/30/2019,L,40,93,35,68,51.5,9,23,39.1,14,15,93.3,3,23,26,29,11,4,3,17,-6,
CHI,CHI @ CON,07/30/2019,L,40,94,33,73,45.2,10,29,34.5,18,23,78.3,8,23,31,26,14,6,3,20,-6,
WAS,WAS vs. PHO,07/30/2019,W,40,99,40,75,53.3,11,28,39.3,8,10,80.0,10,23,33,21,9,6,4,13,6,
CON,CON vs. CHI,07/30/2019,W,40,100,37,74,50.0,10,25,40.0,16,21,76.2,10,27,37,29,16,6,4,22,6,
MIN,MIN vs. WAS,07/24/2019,L,40,71,30,69,43.5,7,18,38.9,4,4,100,12,26,38,19,20,8,3,14,-8,
CON,CON vs. NYL,07/24/2019,W,40,70,27,76,35.5,6,17,35.3,10,17,58.8,13,31,44,19,12,8,2,18,7,
WAS,WAS @ MIN,07/24/2019,W,40,79,30,67,44.8,8,23,34.8,11,15,73.3,5,20,25,18,14,12,4,13,8,
NYL,NYL @ CON,07/24/2019,L,40,63,21,63,33.3,7,23,30.4,14,20,70.0,10,30,40,18,17,5,8,22,-7,
SEA,SEA @ LVA,07/23/2019,L,40,62,21,60,35.0,9,21,42.9,11,17,64.7,11,25,36,14,19,5,3,17,-17,
LVA,LVA vs. SEA,07/23/2019,W,40,79,27,69,39.1,9,20,45.0,16,20,80.0,15,24,39,20,10,11,6,19,17,
LAS,LAS @ ATL,07/23/2019,W,40,78,28,65,43.1,9,19,47.4,13,15,86.7,11,27,38,22,13,10,5,16,12,
ATL,ATL vs. LAS,07/23/2019,L,40,66,26,67,38.8,2,21,9.5,12,13,92.3,9,21,30,17,13,9,2,15,-12,
IND,IND @ PHO,07/23/2019,L,40,77,30,61,49.2,8,16,50.0,9,12,75.0,3,20,23,15,17,4,1,17,-18,
PHO,PHO vs. IND,07/23/2019,W,40,95,33,62,53.2,12,21,57.1,17,17,100,4,23,27,28,13,6,3,15,18,
LVA,LVA vs. MIN,07/21/2019,W,40,79,28,62,45.2,6,18,33.3,17,22,77.3,6,27,33,22,18,7,2,15,5,
MIN,MIN @ LVA,07/21/2019,L,40,74,31,68,45.6,4,14,28.6,8,11,72.7,6,26,32,20,18,12,5,19,-5,
IND,IND @ CHI,07/21/2019,L,40,70,29,84,34.5,6,17,35.3,6,10,60.0,15,25,40,16,13,10,4,19,-8,
CHI,CHI vs. IND,07/21/2019,W,40,78,28,63,44.4,8,22,36.4,14,18,77.8,11,29,40,22,18,3,5,12,8,
WAS,WAS vs. ATL,07/21/2019,W,40,93,31,67,46.3,12,26,46.2,19,21,90.5,8,27,35,24,11,8,5,15,28,
ATL,ATL @ WAS,07/21/2019,L,40,65,24,65,36.9,6,14,42.9,11,15,73.3,8,21,29,15,15,4,2,19,-28,
DAL,DAL vs. PHO,07/20/2019,L,40,66,23,69,33.3,7,23,30.4,13,14,92.9,12,30,42,12,16,1,6,26,-4,
PHO,PHO @ DAL,07/20/2019,W,40,70,19,66,28.8,6,20,30.0,26,29,89.7,8,27,35,13,12,6,4,18,4,
NYL,NYL vs. LAS,07/20/2019,W,40,83,24,52,46.2,8,11,72.7,27,39,69.2,4,27,31,17,15,7,3,25,5,
LAS,LAS @ NYL,07/20/2019,L,40,78,28,65,43.1,10,25,40.0,12,16,75.0,5,21,26,18,14,7,6,27,-5,
IND,IND vs. WAS,07/19/2019,L,45,88,32,78,41.0,6,17,35.3,18,21,85.7,12,31,43,16,12,4,2,14,-7,
LVA,LVA @ SEA,07/19/2019,L,40,66,26,62,41.9,5,11,45.5,9,14,64.3,5,29,34,16,21,7,9,16,-3,
SEA,SEA vs. LVA,07/19/2019,W,40,69,20,72,27.8,9,26,34.6,20,20,100,8,26,34,15,20,18,8,17,3,
ATL,ATL @ CON,07/19/2019,L,40,69,22,58,37.9,7,23,30.4,18,23,78.3,5,24,29,11,15,6,5,14,-29,
WAS,WAS @ IND,07/19/2019,W,45,95,37,78,47.4,10,28,35.7,11,15,73.3,9,26,35,24,9,5,6,19,7,
CON,CON vs. ATL,07/19/2019,W,40,98,38,78,48.7,11,26,42.3,11,16,68.8,12,28,40,24,8,9,2,20,29,
LAS,LAS vs. DAL,07/18/2019,W,40,69,23,60,38.3,4,12,33.3,19,21,90.5,8,23,31,13,11,9,1,14,5,
DAL,DAL @ LAS,07/18/2019,L,40,64,27,69,39.1,5,17,29.4,5,5,100,14,27,41,21,17,7,3,20,-5,
ATL,ATL @ CHI,07/17/2019,L,40,76,27,80,33.8,6,22,27.3,16,17,94.1,8,31,39,20,9,12,2,18,-1,
CHI,CHI vs. ATL,07/17/2019,W,40,77,29,69,42.0,6,22,27.3,13,17,76.5,9,34,43,19,17,5,9,14,1,
MIN,MIN vs. SEA,07/17/2019,L,40,79,32,76,42.1,7,20,35.0,8,9,88.9,11,19,30,26,15,9,0,14,-11,
SEA,SEA @ MIN,07/17/2019,W,40,90,33,62,53.2,12,25,48.0,12,13,92.3,6,27,33,21,21,11,8,14,11,
PHO,PHO vs. DAL,07/17/2019,W,40,69,23,59,39.0,4,11,36.4,19,24,79.2,5,32,37,14,8,4,5,10,5,
DAL,DAL @ PHO,07/17/2019,L,40,64,26,75,34.7,5,23,21.7,7,9,77.8,13,27,40,13,8,3,1,20,-5,
ATL,ATL vs. LAS,07/14/2019,L,45,71,25,76,32.9,2,19,10.5,19,24,79.2,15,35,50,12,14,4,8,14,-5,
LAS,LAS @ ATL,07/14/2019,W,45,76,30,87,34.5,6,26,23.1,10,12,83.3,16,27,43,17,5,8,6,17,5,
CON,CON @ IND,07/14/2019,W,40,76,30,67,44.8,10,22,45.5,6,9,66.7,8,25,33,21,14,8,4,20,13,
SEA,SEA vs. NYL,07/14/2019,W,40,78,30,71,42.3,13,34,38.2,5,6,83.3,11,23,34,19,18,12,4,23,9,
NYL,NYL @ SEA,07/14/2019,L,40,69,21,57,36.8,4,16,25.0,23,26,88.5,8,20,28,15,20,10,2,13,-9,
DAL,DAL vs. CHI,07/14/2019,L,40,79,27,71,38.0,4,18,22.2,21,25,84.0,11,24,35,13,8,6,5,18,-10,
CHI,CHI @ DAL,07/14/2019,W,40,89,32,63,50.8,11,20,55.0,14,17,82.4,4,31,35,26,11,4,3,19,10,
PHO,PHO @ MIN,07/14/2019,L,40,62,24,62,38.7,6,19,31.6,8,9,88.9,3,21,24,13,14,11,6,13,-13,
IND,IND vs. CON,07/14/2019,L,40,63,23,62,37.1,0,16,0.0,17,21,81.0,8,27,35,15,14,7,3,12,-13,
MIN,MIN vs. PHO,07/14/2019,W,40,75,32,75,42.7,3,10,30.0,8,9,88.9,15,33,48,18,19,8,4,16,13,
LVA,LVA @ WAS,07/13/2019,W,40,85,30,70,42.9,4,12,33.3,21,26,80.8,11,30,41,20,16,9,2,19,4,
WAS,WAS vs. LVA,07/13/2019,L,40,81,28,72,38.9,7,28,25.0,18,23,78.3,12,21,33,20,11,11,5,20,-4,
SEA,SEA vs. DAL,07/12/2019,W,40,95,34,62,54.8,14,23,60.9,13,16,81.3,6,22,28,28,16,14,0,11,14,
DAL,DAL @ SEA,07/12/2019,L,40,81,31,58,53.4,12,19,63.2,7,11,63.6,6,21,27,19,19,7,4,19,-14,
PHO,PHO @ CON,07/12/2019,L,40,64,26,63,41.3,2,16,12.5,10,12,83.3,6,20,26,18,13,4,3,15,-15,
CON,CON vs. PHO,07/12/2019,W,40,79,33,76,43.4,6,24,25.0,7,11,63.6,15,30,45,19,17,7,2,16,15,
LAS,LAS @ IND,07/12/2019,W,40,90,34,78,43.6,7,22,31.8,15,17,88.2,13,18,31,23,14,16,2,13,6,
CHI,CHI vs. NYL,07/12/2019,W,40,99,38,70,54.3,5,12,41.7,18,24,75.0,5,30,35,30,12,7,4,18,16,
NYL,NYL @ CHI,07/12/2019,L,40,83,28,70,40.0,5,14,35.7,22,25,88.0,10,26,36,24,17,4,3,20,-16,
IND,IND vs. LAS,07/12/2019,L,40,84,32,69,46.4,8,16,50.0,12,16,75.0,14,22,36,16,20,8,8,15,-6,
ATL,ATL vs. MIN,07/12/2019,W,40,60,24,71,33.8,4,25,16.0,8,11,72.7,15,29,44,17,12,7,4,13,7,
MIN,MIN @ ATL,07/12/2019,L,40,53,23,65,35.4,3,12,25.0,4,5,80.0,12,27,39,18,14,6,5,18,-7,
WAS,WAS vs. PHO,07/10/2019,L,40,68,29,70,41.4,5,23,21.7,5,7,71.4,8,25,33,20,10,2,3,13,-23,
CON,CON @ ATL,07/10/2019,L,40,75,26,68,38.2,8,20,40.0,15,21,71.4,12,22,34,13,16,13,5,18,-3,
CHI,CHI vs. MIN,07/10/2019,L,40,72,27,73,37.0,8,27,29.6,10,13,76.9,8,30,38,21,14,6,9,11,-1,
PHO,PHO @ WAS,07/10/2019,W,40,91,39,72,54.2,8,23,34.8,5,5,100,7,31,38,25,7,7,5,14,23,
IND,IND vs. LVA,07/10/2019,L,40,71,25,67,37.3,6,14,42.9,15,20,75.0,6,32,38,13,12,5,1,16,-3,
LVA,LVA @ IND,07/10/2019,W,40,74,27,74,36.5,7,19,36.8,13,15,86.7,7,29,36,17,11,6,3,16,3,
ATL,ATL vs. CON,07/10/2019,W,40,78,26,62,41.9,7,22,31.8,19,23,82.6,12,28,40,18,20,7,5,17,3,
MIN,MIN @ CHI,07/10/2019,W,40,73,29,78,37.2,3,14,21.4,12,14,85.7,13,30,43,12,9,8,6,12,1,
LAS,LAS @ DAL,07/09/2019,L,40,62,26,71,36.6,4,19,21.1,6,7,85.7,17,19,36,16,24,6,4,12,-12,
DAL,DAL vs. LAS,07/09/2019,W,40,74,29,62,46.8,6,14,42.9,10,10,100,8,21,29,12,18,12,6,10,12,
ATL,ATL @ PHO,07/07/2019,L,40,63,21,70,30.0,7,24,29.2,14,23,60.9,13,30,43,15,12,5,8,16,-2,
DAL,DAL @ CHI,07/07/2019,L,40,66,24,70,34.3,5,18,27.8,13,15,86.7,10,29,39,18,15,13,4,14,-12,
CHI,CHI vs. DAL,07/07/2019,W,40,78,28,63,44.4,8,20,40.0,14,16,87.5,3,31,34,23,16,4,1,10,12,
LAS,LAS vs. WAS,07/07/2019,W,40,98,36,74,48.6,16,31,51.6,10,12,83.3,7,32,39,24,8,4,5,15,17,
LVA,LVA @ NYL,07/07/2019,W,40,90,33,74,44.6,7,16,43.8,17,23,73.9,10,28,38,24,10,12,8,11,32,
PHO,PHO vs. ATL,07/07/2019,W,40,65,23,67,34.3,4,21,19.0,15,18,83.3,12,36,48,13,13,3,5,20,2,
NYL,NYL vs. LVA,07/07/2019,L,40,58,22,74,29.7,6,22,27.3,8,8,100,12,20,32,15,20,5,5,21,-32,
WAS,WAS @ LAS,07/07/2019,L,40,81,29,68,42.6,6,23,26.1,17,19,89.5,4,27,31,19,10,2,3,11,-17,
MIN,MIN @ CON,07/06/2019,W,40,74,30,66,45.5,5,16,31.3,9,10,90.0,8,23,31,21,16,6,3,14,3,
CON,CON vs. MIN,07/06/2019,L,40,71,29,73,39.7,6,19,31.6,7,12,58.3,14,22,36,20,18,7,9,14,-3,
DAL,DAL vs. IND,07/05/2019,L,40,56,22,69,31.9,4,25,16.0,8,11,72.7,11,19,30,17,11,5,3,14,-20,
IND,IND @ DAL,07/05/2019,W,40,76,28,59,47.5,5,15,33.3,15,19,78.9,7,31,38,19,12,6,3,10,20,
PHO,PHO vs. NYL,07/05/2019,L,40,76,26,65,40.0,7,23,30.4,17,18,94.4,5,22,27,16,10,4,5,15,-4,
ATL,ATL @ SEA,07/05/2019,W,40,77,29,69,42.0,8,20,40.0,11,12,91.7,11,26,37,20,16,9,3,16,11,
NYL,NYL @ PHO,07/05/2019,W,40,80,30,63,47.6,7,16,43.8,13,16,81.3,4,31,35,21,14,6,4,15,4,
SEA,SEA vs. ATL,07/05/2019,L,40,66,24,66,36.4,7,27,25.9,11,16,68.8,12,23,35,14,21,9,4,11,-11,
NYL,NYL @ SEA,07/03/2019,W,40,84,34,69,49.3,8,19,42.1,8,13,61.5,9,25,34,20,16,12,2,17,1,
SEA,SEA vs. NYL,07/03/2019,L,40,83,30,70,42.9,8,24,33.3,15,20,75.0,12,22,34,20,15,9,4,14,-1,
MIN,MIN vs. ATL,07/02/2019,W,40,85,34,72,47.2,7,16,43.8,10,14,71.4,11,27,38,24,14,4,3,12,17,
ATL,ATL @ MIN,07/02/2019,L,40,68,28,68,41.2,4,16,25.0,8,10,80.0,8,18,26,15,16,9,8,14,-17,
CHI,CHI @ LVA,07/02/2019,L,40,82,31,70,44.3,9,23,39.1,11,12,91.7,6,28,34,25,18,9,2,19,-8,
LVA,LVA vs. CHI,07/02/2019,W,40,90,36,67,53.7,5,7,71.4,13,19,68.4,1,26,27,27,15,8,4,13,8,
DAL,DAL vs. MIN,06/30/2019,W,40,89,30,61,49.2,11,22,50.0,18,21,85.7,5,31,36,22,18,3,3,19,3,
CHI,CHI @ LAS,06/30/2019,L,40,69,24,72,33.3,10,24,41.7,11,13,84.6,9,22,31,13,17,7,7,14,-25,
MIN,MIN @ DAL,06/30/2019,L,40,86,30,70,42.9,6,20,30.0,20,27,74.1,5,22,27,23,8,9,3,18,-3,
LAS,LAS vs. CHI,06/30/2019,W,40,94,35,71,49.3,10,24,41.7,14,15,93.3,10,26,36,21,14,8,6,15,25,
SEA,SEA vs. PHO,06/30/2019,L,40,67,27,65,41.5,7,23,30.4,6,9,66.7,8,29,37,20,13,3,4,13,-2,
NYL,NYL @ ATL,06/30/2019,W,40,74,31,71,43.7,1,11,9.1,11,14,78.6,10,33,43,17,15,10,5,22,16,
PHO,PHO @ SEA,06/30/2019,W,40,69,27,68,39.7,6,27,22.2,9,9,100,3,26,29,13,6,6,5,9,2,
ATL,ATL vs. NYL,06/30/2019,L,40,58,19,70,27.1,8,28,28.6,12,15,80.0,7,23,30,14,15,8,9,16,-16,
IND,IND @ LVA,06/29/2019,L,45,97,39,89,43.8,13,24,54.2,6,9,66.7,7,25,32,30,7,4,5,22,-5,
CON,CON @ WAS,06/29/2019,L,40,59,22,73,30.1,5,20,25.0,10,13,76.9,13,20,33,11,15,10,1,18,-43,
WAS,WAS vs. CON,06/29/2019,W,40,102,34,64,53.1,13,30,43.3,21,21,100,5,35,40,23,13,12,2,13,43,
LVA,LVA vs. IND,06/29/2019,W,45,102,37,77,48.1,2,12,16.7,26,32,81.3,12,38,50,31,10,3,2,12,5,
PHO,PHO vs. IND,06/28/2019,W,40,91,33,63,52.4,10,17,58.8,15,20,75.0,7,26,33,23,13,4,4,13,22,
IND,IND @ PHO,06/28/2019,L,40,69,28,69,40.6,2,18,11.1,11,15,73.3,10,22,32,9,13,4,2,19,-22,
CHI,CHI @ SEA,06/28/2019,L,40,76,31,65,47.7,5,16,31.3,9,14,64.3,9,28,37,18,16,6,4,19,-3,
SEA,SEA vs. CHI,06/28/2019,W,40,79,27,74,36.5,5,17,29.4,20,24,83.3,15,19,34,10,8,9,1,16,3,
NYL,NYL vs. DAL,06/28/2019,W,40,69,27,70,38.6,4,15,26.7,11,18,61.1,11,27,38,18,9,5,2,13,1,
DAL,DAL @ NYL,06/28/2019,L,40,68,22,67,32.8,8,26,30.8,16,18,88.9,11,30,41,17,12,5,2,17,-1,
LAS,LAS vs. LVA,06/27/2019,W,40,86,32,75,42.7,8,18,44.4,14,15,93.3,8,31,39,17,14,11,6,13,12,
LVA,LVA @ LAS,06/27/2019,L,40,74,30,72,41.7,5,17,29.4,9,12,75.0,10,32,42,19,20,11,6,11,-12,
DAL,DAL vs. CON,06/26/2019,W,40,74,28,65,43.1,7,16,43.8,11,12,91.7,10,23,33,18,16,5,3,15,1,
CON,CON @ DAL,06/26/2019,L,40,73,29,63,46.0,5,17,29.4,10,16,62.5,5,19,24,20,12,7,8,15,-1,
WAS,WAS @ CHI,06/26/2019,W,40,81,35,78,44.9,2,15,13.3,9,12,75.0,7,25,32,17,10,11,3,13,7,
CHI,CHI vs. WAS,06/26/2019,L,40,74,29,69,42.0,5,22,22.7,11,11,100,7,27,34,18,17,4,8,13,-7,
MIN,MIN @ IND,06/25/2019,W,40,78,28,60,46.7,5,15,33.3,17,19,89.5,5,28,33,18,19,9,3,15,4,
SEA,SEA @ LVA,06/25/2019,L,40,56,22,73,30.1,7,30,23.3,5,10,50.0,8,32,40,15,16,13,7,16,-4,
LVA,LVA vs. SEA,06/25/2019,W,40,60,22,70,31.4,3,17,17.6,13,18,72.2,5,36,41,17,19,10,8,12,4,
IND,IND vs. MIN,06/25/2019,L,40,74,29,75,38.7,5,18,27.8,11,13,84.6,11,23,34,13,17,11,5,18,-4,
WAS,WAS @ ATL,06/23/2019,W,40,89,34,74,45.9,10,29,34.5,11,12,91.7,9,26,35,21,9,7,7,14,16,
CHI,CHI vs. CON,06/23/2019,W,40,93,38,72,52.8,8,22,36.4,9,10,90.0,5,35,40,22,16,10,4,21,18,
ATL,ATL vs. WAS,06/23/2019,L,40,73,27,69,39.1,9,21,42.9,10,15,66.7,14,23,37,17,12,2,3,17,-16,
CON,CON @ CHI,06/23/2019,L,40,75,29,72,40.3,5,17,29.4,12,21,57.1,7,26,33,20,16,9,3,16,-18,
PHO,PHO vs. LAS,06/23/2019,W,40,82,29,64,45.3,10,25,40.0,14,19,73.7,6,29,35,19,11,6,4,17,10,
LAS,LAS @ PHO,06/23/2019,L,40,72,26,70,37.1,8,23,34.8,12,14,85.7,10,29,39,19,11,2,2,24,-10,
IND,IND @ SEA,06/23/2019,L,40,61,22,64,34.4,4,15,26.7,13,15,86.7,9,26,35,8,21,8,3,17,-4,
SEA,SEA vs. IND,06/23/2019,W,40,65,24,62,38.7,5,23,21.7,12,13,92.3,6,21,27,14,13,9,1,19,4,
DAL,DAL @ LVA,06/22/2019,L,40,68,22,77,28.6,6,31,19.4,18,20,90.0,16,25,41,13,14,9,4,8,-18,
LVA,LVA vs. DAL,06/22/2019,W,40,86,35,66,53.0,7,17,41.2,9,10,90.0,4,32,36,31,13,8,7,14,18,
MIN,MIN vs. NYL,06/22/2019,W,40,92,33,64,51.6,5,15,33.3,21,30,70.0,11,24,35,19,19,9,5,13,9,
NYL,NYL @ MIN,06/22/2019,L,40,83,34,74,45.9,10,25,40.0,5,7,71.4,10,16,26,20,18,11,4,22,-9,
CHI,CHI vs. IND,06/21/2019,L,40,69,25,67,37.3,7,23,30.4,12,13,92.3,5,20,25,18,11,8,4,20,-7,
IND,IND @ CHI,06/21/2019,W,40,76,27,61,44.3,8,17,47.1,14,15,93.3,7,29,36,16,16,4,2,14,7,
ATL,ATL @ CON,06/21/2019,L,40,76,30,72,41.7,8,25,32.0,8,11,72.7,5,28,33,19,11,8,5,16,-10,
CON,CON vs. ATL,06/21/2019,W,40,86,29,64,45.3,12,23,52.2,16,24,66.7,7,25,32,21,13,5,2,15,10,
SEA,SEA vs. LAS,06/21/2019,W,40,84,30,70,42.9,14,26,53.8,10,13,76.9,12,27,39,18,16,9,4,13,22,
LAS,LAS @ SEA,06/21/2019,L,40,62,23,61,37.7,6,21,28.6,10,12,83.3,5,24,29,13,15,4,4,15,-22,
LVA,LVA vs. WAS,06/20/2019,L,40,72,27,69,39.1,6,16,37.5,12,17,70.6,10,24,34,19,16,7,5,16,-23,
WAS,WAS @ LVA,06/20/2019,W,40,95,36,68,52.9,10,20,50.0,13,13,100,6,30,36,22,14,6,8,16,23,
DAL,DAL vs. PHO,06/20/2019,W,40,69,26,66,39.4,5,22,22.7,12,15,80.0,14,35,49,13,21,5,4,19,15,
PHO,PHO @ DAL,06/20/2019,L,40,54,15,61,24.6,6,20,30.0,18,21,85.7,7,21,28,10,14,10,4,21,-15,
IND,IND @ ATL,06/19/2019,L,40,78,32,80,40.0,5,18,27.8,9,12,75.0,17,21,38,11,8,4,6,21,-10,
ATL,ATL vs. IND,06/19/2019,W,40,88,30,68,44.1,10,22,45.5,18,23,78.3,11,27,38,20,9,6,5,14,10,
NYL,NYL vs. CHI,06/19/2019,L,40,83,32,81,39.5,10,22,45.5,9,11,81.8,6,26,32,24,9,3,3,18,-8,
CHI,CHI @ NYL,06/19/2019,W,40,91,34,67,50.7,7,19,36.8,16,20,80.0,5,35,40,20,13,6,7,15,8,
WAS,WAS @ LAS,06/18/2019,W,40,81,28,66,42.4,13,28,46.4,12,14,85.7,8,28,36,20,18,20,5,17,29,
LAS,LAS vs. WAS,06/18/2019,L,40,52,19,66,28.8,3,19,15.8,11,18,61.1,10,28,38,10,27,9,1,12,-29,
LVA,LVA @ MIN,06/16/2019,W,40,80,24,59,40.7,8,18,44.4,24,27,88.9,6,32,38,15,16,6,6,13,5,
MIN,MIN vs. LVA,06/16/2019,L,40,75,29,68,42.6,8,26,30.8,9,10,90.0,5,26,31,21,15,6,5,23,-5,
SEA,SEA @ CON,06/16/2019,L,40,67,25,57,43.9,3,13,23.1,14,18,77.8,7,21,28,16,15,8,4,11,-14,
CON,CON vs. SEA,06/16/2019,W,40,81,32,66,48.5,9,20,45.0,8,9,88.9,10,23,33,23,16,12,3,15,14,
ATL,ATL @ DAL,06/15/2019,L,40,61,21,60,35.0,6,17,35.3,13,18,72.2,12,28,40,12,21,5,9,19,-10,
LAS,LAS vs. NYL,06/15/2019,L,40,92,39,84,46.4,8,23,34.8,6,7,85.7,12,30,42,22,14,5,3,22,-6,
IND,IND vs. CHI,06/15/2019,L,40,64,26,78,33.3,3,15,20.0,9,12,75.0,13,29,42,14,10,4,5,17,-6,
DAL,DAL vs. ATL,06/15/2019,W,40,71,26,74,35.1,6,22,27.3,13,18,72.2,17,24,41,10,13,12,6,22,10,
NYL,NYL @ LAS,06/15/2019,W,40,98,33,70,47.1,9,20,45.0,23,26,88.5,6,29,35,22,9,11,6,12,6,
CHI,CHI @ IND,06/15/2019,W,40,70,22,68,32.4,8,21,38.1,18,20,90.0,13,32,45,17,12,4,6,18,6,
LVA,LVA vs. NYL,06/14/2019,W,40,100,33,61,54.1,5,14,35.7,29,36,80.6,8,38,46,23,20,12,6,20,35,
MIN,MIN vs. CON,06/14/2019,L,40,81,29,67,43.3,8,26,30.8,15,20,75.0,8,18,26,21,11,7,6,20,-4,
SEA,SEA @ WAS,06/14/2019,W,40,74,29,63,46.0,6,17,35.3,10,12,83.3,9,31,40,15,20,3,2,20,3,
PHO,PHO vs. LAS,06/14/2019,L,40,68,25,72,34.7,5,17,29.4,13,13,100,13,23,36,15,14,5,2,13,-17,
LAS,LAS @ PHO,06/14/2019,W,40,85,34,66,51.5,9,19,47.4,8,9,88.9,5,25,30,19,11,7,4,21,17,
NYL,NYL @ LVA,06/14/2019,L,40,65,22,68,32.4,3,21,14.3,18,21,85.7,3,18,21,13,16,9,2,23,-35,
CON,CON @ MIN,06/14/2019,W,40,85,33,66,50.0,7,18,38.9,12,19,63.2,5,31,36,21,16,6,2,18,4,
WAS,WAS vs. SEA,06/14/2019,L,40,71,23,66,34.8,9,26,34.6,16,20,80.0,8,22,30,16,13,12,6,17,-3,
DAL,DAL vs. IND,06/13/2019,L,40,72,25,66,37.9,6,17,35.3,16,18,88.9,12,21,33,17,15,5,2,16,-4,
IND,IND @ DAL,06/13/2019,W,40,76,27,64,42.2,8,24,33.3,14,15,93.3,16,21,37,16,18,6,4,14,4,
NYL,NYL vs. MIN,06/12/2019,W,40,75,30,65,46.2,5,23,21.7,10,13,76.9,7,30,37,22,19,13,2,13,6,
MIN,MIN @ NYL,06/12/2019,L,40,69,28,69,40.6,9,30,30.0,4,6,66.7,8,24,32,19,21,8,4,14,-6,
IND,IND vs. SEA,06/11/2019,L,40,82,34,66,51.5,6,15,40.0,8,9,88.9,9,23,32,23,14,8,5,19,-2,
SEA,SEA @ IND,06/11/2019,W,40,84,32,70,45.7,5,9,55.6,15,16,93.8,10,21,31,23,12,10,2,11,2,
CHI,CHI vs. PHO,06/11/2019,W,40,82,32,73,43.8,12,23,52.2,6,6,100,9,30,39,22,15,5,4,20,7,
PHO,PHO @ CHI,06/11/2019,L,40,75,27,67,40.3,5,17,29.4,16,20,80.0,6,26,32,16,14,7,4,16,-7,
CON,CON vs. WAS,06/11/2019,W,40,82,31,66,47.0,10,21,47.6,10,11,90.9,6,32,38,18,16,5,3,13,8,
WAS,WAS @ CON,06/11/2019,L,40,75,29,71,40.8,6,28,21.4,11,12,91.7,5,25,30,23,9,13,6,14,-8,
ATL,ATL vs. CON,06/09/2019,L,40,59,22,68,32.4,3,18,16.7,12,15,80.0,13,33,46,13,19,6,4,21,-6,
CHI,CHI vs. SEA,06/09/2019,W,40,78,31,73,42.5,8,22,36.4,8,11,72.7,11,34,45,20,20,8,2,16,7,
SEA,SEA @ CHI,06/09/2019,L,40,71,26,68,38.2,3,18,16.7,16,19,84.2,6,16,22,15,11,12,8,13,-7,
PHO,PHO @ IND,06/09/2019,W,40,94,34,74,45.9,9,18,50.0,17,22,77.3,10,25,35,26,6,6,3,18,7,
IND,IND vs. PHO,06/09/2019,L,40,87,32,72,44.4,10,16,62.5,13,14,92.9,6,28,34,20,11,3,4,18,-7,
NYL,NYL vs. LVA,06/09/2019,W,40,88,32,81,39.5,6,26,23.1,18,21,85.7,12,34,46,21,10,7,8,19,10,
DAL,DAL @ WAS,06/09/2019,L,40,62,28,61,45.9,3,14,21.4,3,6,50.0,8,21,29,19,17,5,2,18,-24,
WAS,WAS vs. DAL,06/09/2019,W,40,86,30,68,44.1,12,31,38.7,14,16,87.5,9,20,29,19,12,7,4,10,24,
LVA,LVA @ NYL,06/09/2019,L,40,78,28,79,35.4,4,13,30.8,18,24,75.0,15,27,42,14,12,5,3,20,-10,
CON,CON @ ATL,06/09/2019,W,40,65,21,74,28.4,6,25,24.0,17,26,65.4,16,29,45,15,11,13,8,16,6,
MIN,MIN vs. LAS,06/08/2019,L,40,85,29,67,43.3,7,19,36.8,20,26,76.9,13,28,41,22,21,7,5,15,-4,
LAS,LAS @ MIN,06/08/2019,W,40,89,32,74,43.2,9,25,36.0,16,17,94.1,12,21,33,18,16,13,5,21,4,
WAS,WAS @ NYL,06/07/2019,W,40,94,30,67,44.8,7,17,41.2,27,28,96.4,9,20,29,22,9,6,6,13,9,
NYL,NYL vs. WAS,06/07/2019,L,40,85,33,72,45.8,9,27,33.3,10,11,90.9,10,25,35,16,17,7,5,25,-9,
IND,IND vs. DAL,06/07/2019,W,40,79,28,68,41.2,3,16,18.8,20,21,95.2,10,29,39,20,11,4,7,16,15,
DAL,DAL @ IND,06/07/2019,L,40,64,25,71,35.2,1,12,8.3,13,14,92.9,12,20,32,16,12,7,5,18,-15,
LAS,LAS @ CON,06/06/2019,L,40,77,29,66,43.9,8,25,32.0,11,12,91.7,7,18,25,23,23,13,4,18,-12,
MIN,MIN vs. PHO,06/06/2019,W,40,58,25,62,40.3,5,14,35.7,3,4,75.0,9,26,35,13,18,9,4,17,2,
CON,CON vs. LAS,06/06/2019,W,40,89,34,73,46.6,4,15,26.7,17,20,85.0,14,24,38,20,19,13,11,12,12,
ATL,ATL vs. LVA,06/06/2019,L,40,69,24,72,33.3,5,23,21.7,16,19,84.2,9,24,33,18,15,12,8,15,-23,
PHO,PHO @ MIN,06/06/2019,L,40,56,21,57,36.8,6,26,23.1,8,8,100,7,18,25,9,17,8,4,16,-2,
LVA,LVA @ ATL,06/06/2019,W,40,92,39,76,51.3,7,19,36.8,7,11,63.6,12,35,47,27,21,9,3,22,23,
WAS,WAS vs. CHI,06/05/2019,W,40,103,43,86,50.0,13,34,38.2,4,8,50.0,16,19,35,28,12,13,3,10,18,
CHI,CHI @ WAS,06/05/2019,L,40,85,34,68,50.0,6,20,30.0,11,14,78.6,12,20,32,20,19,7,3,11,-18,
NYL,NYL vs. LAS,06/04/2019,L,40,73,27,68,39.7,5,15,33.3,14,18,77.8,9,31,40,15,17,7,8,18,-5,
LAS,LAS @ NYL,06/04/2019,W,40,78,27,78,34.6,8,21,38.1,16,20,80.0,13,27,40,15,14,9,6,15,5,
MIN,MIN @ SEA,06/04/2019,L,40,77,29,57,50.9,8,17,47.1,11,13,84.6,3,14,17,17,15,16,1,15,-7,
SEA,SEA vs. MIN,06/04/2019,W,40,84,32,54,59.3,7,13,53.8,13,16,81.3,8,20,28,16,20,7,5,16,7,
CON,CON @ LVA,06/02/2019,W,40,80,26,77,33.8,8,26,30.8,20,23,87.0,11,28,39,17,10,14,8,19,6,
LVA,LVA vs. CON,06/02/2019,L,40,74,28,64,43.8,3,9,33.3,15,20,75.0,6,33,39,23,21,6,5,20,-6,
IND,IND vs. NYL,06/01/2019,W,40,92,34,65,52.3,7,16,43.8,17,22,77.3,7,24,31,19,15,9,6,19,15,
NYL,NYL @ IND,06/01/2019,L,40,77,26,75,34.7,7,24,29.2,18,25,72.0,17,22,39,19,16,11,2,22,-15,
ATL,ATL @ WAS,06/01/2019,L,40,75,30,71,42.3,5,21,23.8,10,17,58.8,12,16,28,9,14,5,1,19,-21,
MIN,MIN @ DAL,06/01/2019,W,40,70,26,65,40.0,5,19,26.3,13,17,76.5,10,28,38,18,16,8,4,17,3,
WAS,WAS vs. ATL,06/01/2019,W,40,96,38,67,56.7,9,25,36.0,11,13,84.6,9,26,35,27,14,6,6,22,21,
CHI,CHI vs. SEA,06/01/2019,W,40,83,36,70,51.4,7,22,31.8,4,5,80.0,5,32,37,27,19,8,3,12,4,
DAL,DAL vs. MIN,06/01/2019,L,40,67,27,72,37.5,5,21,23.8,8,13,61.5,13,21,34,14,13,7,7,18,-3,
SEA,SEA @ CHI,06/01/2019,L,40,79,31,79,39.2,6,28,21.4,11,13,84.6,12,23,35,18,13,14,3,8,-4,
PHO,PHO vs. LVA,05/31/2019,W,40,86,32,63,50.8,10,23,43.5,12,16,75.0,4,31,35,21,14,8,7,19,2,
LVA,LVA @ PHO,05/31/2019,L,40,84,30,76,39.5,8,16,50.0,16,20,80.0,13,25,38,19,11,8,3,20,-2,
LAS,LAS vs. CON,05/31/2019,W,40,77,28,72,38.9,6,20,30.0,15,17,88.2,9,30,39,15,12,6,4,22,7,
CON,CON @ LAS,05/31/2019,L,40,70,24,78,30.8,6,23,26.1,16,25,64.0,18,33,51,13,15,4,5,21,-7,
SEA,SEA @ ATL,05/31/2019,W,40,82,30,69,43.5,4,14,28.6,18,21,85.7,7,34,41,23,11,6,5,17,16,
ATL,ATL vs. SEA,05/31/2019,L,40,66,24,73,32.9,6,23,26.1,12,14,85.7,9,31,40,15,14,4,8,18,-16,
MIN,MIN vs. SEA,05/29/2019,W,40,72,27,61,44.3,6,17,35.3,12,15,80.0,11,29,40,22,22,6,3,19,11,
SEA,SEA @ MIN,05/29/2019,L,40,61,24,66,36.4,2,15,13.3,11,14,78.6,8,14,22,13,14,12,3,24,-11,
CON,CON vs. IND,05/28/2019,W,40,88,32,70,45.7,10,22,45.5,14,22,63.6,12,25,37,18,12,4,4,11,11,
IND,IND @ CON,05/28/2019,L,40,77,35,72,48.6,5,16,31.3,2,3,66.7,5,21,26,21,13,5,2,24,-11,
LAS,LAS @ LVA,05/26/2019,L,40,70,28,77,36.4,5,13,38.5,9,13,69.2,10,30,40,17,14,9,8,22,-13,
LVA,LVA vs. LAS,05/26/2019,W,40,83,31,74,41.9,4,14,28.6,17,22,77.3,11,34,45,16,16,10,6,19,13,
CHI,CHI @ MIN,05/25/2019,L,40,71,28,70,40.0,3,13,23.1,12,15,80.0,6,23,29,19,16,11,3,22,-18,
CON,CON vs. WAS,05/25/2019,W,40,84,33,76,43.4,6,20,30.0,12,14,85.7,11,29,40,18,10,7,5,19,15,
SEA,SEA vs. PHO,05/25/2019,W,40,77,28,67,41.8,6,19,31.6,15,23,65.2,13,23,36,15,16,10,4,18,9,
PHO,PHO @ SEA,05/25/2019,L,40,68,27,61,44.3,6,17,35.3,8,8,100,6,23,29,16,20,9,3,20,-9,
WAS,WAS @ CON,05/25/2019,L,40,69,27,72,37.5,3,21,14.3,12,15,80.0,11,26,37,17,12,4,7,17,-15,
MIN,MIN vs. CHI,05/25/2019,W,40,89,30,68,44.1,6,20,30.0,23,32,71.9,17,29,46,17,21,11,5,21,18,
IND,IND @ NYL,05/24/2019,W,40,81,29,69,42.0,3,12,25.0,20,28,71.4,11,27,38,15,10,8,4,22,1,
NYL,NYL vs. IND,05/24/2019,L,40,80,28,70,40.0,5,14,35.7,19,23,82.6,13,27,40,14,16,4,4,25,-1,
ATL,ATL vs. DAL,05/24/2019,W,40,76,27,63,42.9,4,14,28.6,18,29,62.1,8,23,31,16,16,6,11,13,4,
DAL,DAL @ ATL,05/24/2019,L,40,72,26,74,35.1,8,24,33.3,12,16,75.0,17,25,42,18,18,12,6,31,-4,
LAS,LAS @ LVA,05/26/2019,L,40,70,28,77,36.4,5,13,38.5,9,13,69.2,10,30,40,17,14,9,8,22,-13,
LVA,LVA vs. LAS,05/26/2019,W,40,83,31,74,41.9,4,14,28.6,17,22,77.3,11,34,45,16,16,10,6,19,13,
CHI,CHI @ MIN,05/25/2019,L,40,71,28,70,40.0,3,13,23.1,12,15,80.0,6,23,29,19,16,11,3,22,-18,
CON,CON vs. WAS,05/25/2019,W,40,84,33,76,43.4,6,20,30.0,12,14,85.7,11,29,40,18,10,7,5,19,15,
SEA,SEA vs. PHO,05/25/2019,W,40,77,28,67,41.8,6,19,31.6,15,23,65.2,13,23,36,15,16,10,4,18,9,
PHO,PHO @ SEA,05/25/2019,L,40,68,27,61,44.3,6,17,35.3,8,8,100,6,23,29,16,20,9,3,20,-9,
WAS,WAS @ CON,05/25/2019,L,40,69,27,72,37.5,3,21,14.3,12,15,80.0,11,26,37,17,12,4,7,17,-15,
MIN,MIN vs. CHI,05/25/2019,W,40,89,30,68,44.1,6,20,30.0,23,32,71.9,17,29,46,17,21,11,5,21,18,
IND,IND @ NYL,05/24/2019,W,40,81,29,69,42.0,3,12,25.0,20,28,71.4,11,27,38,15,10,8,4,22,1,
NYL,NYL vs. IND,05/24/2019,L,40,80,28,70,40.0,5,14,35.7,19,23,82.6,13,27,40,14,16,4,4,25,-1,
ATL,ATL vs. DAL,05/24/2019,W,40,76,27,63,42.9,4,14,28.6,18,29,62.1,8,23,31,16,16,6,11,13,4,
DAL,DAL @ ATL,05/24/2019,L,40,72,26,74,35.1,8,24,33.3,12,16,75.0,17,25,42,18,18,12,6,31,-4,
MIN,MIN vs. WAS,08/19/2018,W,40,88,35,61,57.4,6,13,46.2,12,13,92.3,7,22,29,22,15,6,1,11,5,
PHO,PHO vs. NYL,08/19/2018,W,40,96,32,66,48.5,15,31,48.4,17,18,94.4,9,27,36,24,12,6,3,23,11,
LVA,LVA vs. ATL,08/19/2018,L,40,78,32,81,39.5,1,12,8.3,13,19,68.4,17,25,42,23,13,5,3,20,-15,
CHI,CHI vs. IND,08/19/2018,L,40,92,36,67,53.7,8,20,40.0,12,15,80.0,5,23,28,29,13,6,4,16,-5,
CON,CON vs. LAS,08/19/2018,W,40,89,32,63,50.8,11,20,55.0,14,16,87.5,3,30,33,22,16,6,1,19,3,
WAS,WAS @ MIN,08/19/2018,L,40,83,34,67,50.7,7,20,35.0,8,9,88.9,7,18,25,18,11,9,1,14,-5,
DAL,DAL @ SEA,08/19/2018,L,40,68,26,74,35.1,4,22,18.2,12,12,100,11,20,31,12,10,11,4,8,-16,
LAS,LAS @ CON,08/19/2018,L,40,86,30,76,39.5,7,23,30.4,19,22,86.4,10,26,36,12,12,8,4,15,-3,
SEA,SEA vs. DAL,08/19/2018,W,40,84,34,72,47.2,11,22,50.0,5,7,71.4,10,33,43,21,17,5,4,16,16,
ATL,ATL @ LVA,08/19/2018,W,40,93,36,73,49.3,7,18,38.9,14,20,70.0,9,27,36,22,9,6,6,18,15,
NYL,NYL @ PHO,08/19/2018,L,40,85,30,69,43.5,8,24,33.3,17,21,81.0,10,23,33,17,9,6,1,19,-11,
IND,IND @ CHI,08/19/2018,W,40,97,38,75,50.7,8,16,50.0,13,17,76.5,12,23,35,21,8,7,1,14,5,
CHI,CHI @ IND,08/18/2018,W,50,115,44,91,48.4,6,21,28.6,21,25,84.0,13,42,55,27,17,3,4,25,9,
IND,IND vs. CHI,08/18/2018,L,50,106,38,94,40.4,4,20,20.0,26,32,81.3,11,30,41,22,7,8,9,21,-9,
PHO,PHO vs. ATL,08/17/2018,W,40,104,37,73,50.7,11,28,39.3,19,24,79.2,12,30,42,29,15,7,8,23,9,
DAL,DAL vs. LVA,08/17/2018,W,40,107,37,76,48.7,9,22,40.9,24,30,80.0,19,23,42,23,11,9,4,20,5,
LAS,LAS @ WAS,08/17/2018,L,40,67,25,67,37.3,6,17,35.3,11,11,100,11,28,39,16,12,6,2,7,-2,
NYL,NYL @ SEA,08/17/2018,L,40,77,30,75,40.0,7,23,30.4,10,14,71.4,11,26,37,15,14,6,4,20,-8,
MIN,MIN @ CON,08/17/2018,L,40,79,35,71,49.3,3,17,17.6,6,6,100,6,20,26,27,13,3,1,20,-17,
SEA,SEA vs. NYL,08/17/2018,W,40,85,28,65,43.1,13,29,44.8,16,23,69.6,9,33,42,18,19,10,4,17,8,
WAS,WAS vs. LAS,08/17/2018,W,40,69,28,73,38.4,7,25,28.0,6,6,100,12,27,39,18,8,8,6,10,2,
LVA,LVA @ DAL,08/17/2018,L,40,102,41,71,57.7,8,16,50.0,12,16,75.0,6,19,25,30,12,2,8,22,-5,
ATL,ATL @ PHO,08/17/2018,L,40,95,30,71,42.3,11,21,52.4,24,33,72.7,8,21,29,14,10,6,5,22,-9,
CON,CON vs. MIN,08/17/2018,W,40,96,35,63,55.6,8,18,44.4,18,23,78.3,6,25,31,25,10,7,4,9,17,
WAS,WAS @ IND,08/15/2018,W,40,76,29,67,43.3,9,22,40.9,9,12,75.0,6,30,36,17,10,5,6,13,14,
NYL,NYL @ LVA,08/15/2018,L,40,72,28,65,43.1,8,23,34.8,8,12,66.7,6,26,32,16,15,6,3,19,-13,
IND,IND vs. WAS,08/15/2018,L,40,62,25,73,34.2,3,18,16.7,9,10,90.0,11,28,39,16,10,4,0,12,-14,
LVA,LVA vs. NYL,08/15/2018,W,40,85,35,67,52.2,3,16,18.8,12,17,70.6,8,28,36,18,10,6,1,15,13,
LAS,LAS vs. NYL,08/14/2018,W,40,74,29,79,36.7,4,19,21.1,12,14,85.7,11,27,38,13,7,11,2,12,8,
NYL,NYL @ LAS,08/14/2018,L,40,66,27,62,43.5,5,20,25.0,7,14,50.0,8,32,40,15,18,3,3,19,-8,
CON,CON vs. DAL,08/14/2018,W,40,96,36,69,52.2,6,17,35.3,18,24,75.0,9,25,34,21,9,11,0,20,20,
DAL,DAL @ CON,08/14/2018,L,40,76,26,68,38.2,8,29,27.6,16,19,84.2,11,19,30,14,13,5,8,19,-20,
MIN,MIN vs. CHI,08/14/2018,L,40,88,33,71,46.5,10,24,41.7,12,19,63.2,12,20,32,20,17,7,5,18,-3,
CHI,CHI @ MIN,08/14/2018,W,40,91,34,62,54.8,7,15,46.7,16,21,76.2,5,23,28,21,14,6,3,18,3,
SEA,SEA @ MIN,08/12/2018,W,40,81,33,70,47.1,11,25,44.0,4,6,66.7,5,34,39,23,15,6,7,8,9,
CON,CON vs. CHI,08/12/2018,W,40,82,31,79,39.2,3,18,16.7,17,22,77.3,21,30,51,11,17,10,3,18,7,
CHI,CHI @ CON,08/12/2018,L,40,75,27,65,41.5,7,17,41.2,14,17,82.4,5,28,33,19,17,6,1,21,-7,
NYL,NYL vs. ATL,08/12/2018,L,40,77,32,66,48.5,2,17,11.8,11,14,78.6,7,35,42,22,16,5,1,23,-9,
MIN,MIN vs. SEA,08/12/2018,L,40,72,31,75,41.3,6,17,35.3,4,4,100,7,22,29,19,9,11,4,8,-9,
DAL,DAL @ WAS,08/12/2018,L,40,80,26,76,34.2,10,30,33.3,18,22,81.8,15,28,43,15,12,5,2,23,-13,
PHO,PHO vs. LAS,08/12/2018,W,40,86,29,55,52.7,10,25,40.0,18,23,78.3,4,28,32,25,15,6,6,17,8,
ATL,ATL @ NYL,08/12/2018,W,40,86,27,68,39.7,10,26,38.5,22,30,73.3,7,25,32,16,7,11,3,12,9,
WAS,WAS vs. DAL,08/12/2018,W,40,93,30,67,44.8,11,23,47.8,22,24,91.7,5,30,35,19,7,8,5,15,13,
LAS,LAS @ PHO,08/12/2018,L,40,78,29,69,42.0,9,21,42.9,11,15,73.3,7,21,28,19,9,10,0,22,-8,
LVA,LVA vs. IND,08/11/2018,W,40,92,36,78,46.2,4,12,33.3,16,21,76.2,15,33,48,19,10,8,5,18,18,
DAL,DAL @ ATL,08/11/2018,L,40,82,33,78,42.3,9,24,37.5,7,11,63.6,10,26,36,16,15,7,3,19,-10,
IND,IND @ LVA,08/11/2018,L,40,74,29,80,36.3,10,22,45.5,6,9,66.7,13,20,33,19,11,7,4,21,-18,
ATL,ATL vs. DAL,08/11/2018,W,40,92,34,67,50.7,7,19,36.8,17,22,77.3,7,23,30,23,13,10,5,13,10,
PHO,PHO vs. IND,08/10/2018,W,40,94,36,71,50.7,10,26,38.5,12,14,85.7,6,31,37,19,10,3,3,15,20,
IND,IND @ PHO,08/10/2018,L,40,74,28,82,34.1,6,18,33.3,12,17,70.6,14,20,34,11,7,7,5,17,-20,
CON,CON @ CHI,08/10/2018,L,40,86,31,72,43.1,9,27,33.3,15,19,78.9,14,22,36,16,13,7,2,16,-11,
CHI,CHI vs. CON,08/10/2018,W,40,97,39,72,54.2,9,25,36.0,10,13,76.9,7,26,33,35,11,8,8,15,11,
SEA,SEA @ WAS,08/09/2018,L,40,77,23,58,39.7,9,26,34.6,22,24,91.7,6,17,23,17,10,5,1,12,-23,
LAS,LAS @ ATL,08/09/2018,L,40,73,29,69,42.0,6,19,31.6,9,14,64.3,9,21,30,16,13,13,2,17,-6,
LVA,LVA vs. MIN,08/09/2018,L,40,73,24,64,37.5,5,14,35.7,20,22,90.9,7,23,30,15,11,6,5,17,-16,
MIN,MIN @ LVA,08/09/2018,W,40,89,36,72,50.0,8,19,42.1,9,13,69.2,9,31,40,19,11,7,3,21,16,
WAS,WAS vs. SEA,08/09/2018,W,40,100,38,66,57.6,12,26,46.2,12,14,85.7,9,24,33,23,9,5,1,17,23,
ATL,ATL vs. LAS,08/09/2018,W,40,79,29,56,51.8,4,12,33.3,17,23,73.9,6,27,33,18,19,7,5,13,6,
LAS,LAS @ NYL,08/08/2018,W,40,82,29,67,43.3,12,28,42.9,12,16,75.0,7,24,31,20,13,7,2,14,1,
NYL,NYL vs. LAS,08/08/2018,L,40,81,32,69,46.4,7,16,43.8,10,12,83.3,12,30,42,22,14,6,4,16,-1,
CON,CON @ DAL,08/08/2018,W,40,101,40,71,56.3,6,12,50.0,15,19,78.9,10,22,32,25,9,11,5,16,9,
DAL,DAL vs. CON,08/08/2018,L,40,92,38,80,47.5,10,29,34.5,6,10,60.0,17,17,34,22,13,3,4,15,-9,
LVA,LVA @ ATL,08/07/2018,L,40,100,36,74,48.6,6,14,42.9,22,30,73.3,9,25,34,24,11,5,1,17,-9,
ATL,ATL vs. LVA,08/07/2018,W,40,109,43,80,53.8,9,23,39.1,14,16,87.5,8,21,29,23,11,7,14,20,9,
SEA,SEA @ IND,08/07/2018,W,40,94,37,72,51.4,9,23,39.1,11,17,64.7,7,29,36,27,9,7,6,12,15,
PHO,PHO vs. WAS,08/07/2018,L,40,98,37,74,50.0,7,26,26.9,17,18,94.4,10,24,34,24,11,5,4,17,-5,
MIN,MIN @ CHI,08/07/2018,W,40,85,34,64,53.1,7,12,58.3,10,13,76.9,6,31,37,22,21,13,3,15,21,
WAS,WAS @ PHO,08/07/2018,W,40,103,37,66,56.1,11,23,47.8,18,21,85.7,3,24,27,23,11,7,2,17,5,
CHI,CHI vs. MIN,08/07/2018,L,40,64,23,67,34.3,8,21,38.1,10,13,76.9,7,20,27,14,20,12,2,12,-21,
IND,IND vs. SEA,08/07/2018,L,40,79,31,67,46.3,6,15,40.0,11,11,100,5,28,33,20,14,5,4,14,-15,
SEA,SEA @ NYL,08/06/2018,W,40,96,35,80,43.8,8,21,38.1,18,22,81.8,12,27,39,25,9,16,6,9,16,
NYL,NYL vs. SEA,08/06/2018,L,40,80,34,72,47.2,6,16,37.5,6,8,75.0,10,32,42,23,20,3,2,16,-16,
DAL,DAL vs. WAS,08/05/2018,L,40,74,32,72,44.4,7,19,36.8,3,7,42.9,13,31,44,19,13,4,1,12,-2,
PHO,PHO @ LAS,08/05/2018,L,40,75,26,66,39.4,8,27,29.6,15,16,93.8,8,22,30,19,5,4,0,22,-3,
LVA,LVA @ CON,08/05/2018,L,40,88,35,69,50.7,7,12,58.3,11,14,78.6,2,24,26,19,14,7,1,15,-21,
MIN,MIN vs. ATL,08/05/2018,L,40,66,26,69,37.7,3,13,23.1,11,15,73.3,12,18,30,16,11,7,4,13,-20,
CON,CON vs. LVA,08/05/2018,W,40,109,46,77,59.7,9,22,40.9,8,12,66.7,6,29,35,23,10,9,4,13,21,
ATL,ATL @ MIN,08/05/2018,W,40,86,33,70,47.1,12,30,40.0,8,10,80.0,12,24,36,19,13,8,7,16,20,
LAS,LAS vs. PHO,08/05/2018,W,40,78,30,63,47.6,3,15,20.0,15,19,78.9,9,27,36,17,8,1,1,22,3,
WAS,WAS @ DAL,08/05/2018,W,40,76,28,65,43.1,11,32,34.4,9,13,69.2,5,24,29,20,10,7,7,11,2,
IND,IND @ NYL,08/04/2018,W,40,68,25,69,36.2,4,13,30.8,14,16,87.5,7,30,37,15,12,7,1,17,13,
NYL,NYL vs. IND,08/04/2018,L,40,55,20,63,31.7,4,23,17.4,11,14,78.6,7,32,39,14,20,5,3,19,-13,
ATL,ATL vs. CHI,08/03/2018,W,40,89,35,78,44.9,6,19,31.6,13,19,68.4,13,26,39,25,13,7,10,20,15,
MIN,MIN @ SEA,08/03/2018,L,40,75,31,67,46.3,5,13,38.5,8,9,88.9,9,32,41,18,18,1,5,11,-10,
SEA,SEA vs. MIN,08/03/2018,W,40,85,34,71,47.9,12,24,50.0,5,12,41.7,5,25,30,23,10,12,4,9,10,
CHI,CHI @ ATL,08/03/2018,L,40,74,25,65,38.5,4,13,30.8,20,23,87.0,7,25,32,15,18,8,8,19,-15,
DAL,DAL @ IND,08/02/2018,L,40,78,30,64,46.9,5,22,22.7,13,21,61.9,18,23,41,17,21,3,6,19,-6,
MIN,MIN @ LAS,08/02/2018,L,40,57,25,61,41.0,1,10,10.0,6,10,60.0,7,28,35,16,16,5,1,15,-22,
LAS,LAS vs. MIN,08/02/2018,W,40,79,32,65,49.2,8,16,50.0,7,11,63.6,6,24,30,22,9,7,4,19,22,
IND,IND vs. DAL,08/02/2018,W,40,84,31,67,46.3,7,20,35.0,15,20,75.0,8,17,25,13,12,13,1,21,6,
PHO,PHO @ LVA,08/01/2018,W,40,104,32,63,50.8,11,26,42.3,29,35,82.9,8,32,40,19,15,2,3,23,11,
NYL,NYL @ CON,08/01/2018,L,40,77,29,66,43.9,8,20,40.0,11,14,78.6,6,27,33,22,16,6,4,16,-15,
CON,CON vs. NYL,08/01/2018,W,40,92,36,76,47.4,11,26,42.3,9,14,64.3,10,28,38,21,10,8,1,12,15,
LVA,LVA vs. PHO,08/01/2018,L,40,93,33,84,39.3,2,11,18.2,25,31,80.6,16,25,41,21,8,6,2,25,-11,
CHI,CHI @ DAL,07/31/2018,W,40,92,37,71,52.1,6,13,46.2,12,16,75.0,9,21,30,21,9,8,1,25,1,
WAS,WAS @ ATL,07/31/2018,W,40,86,31,68,45.6,8,23,34.8,16,16,100,9,31,40,20,16,6,2,23,15,
DAL,DAL vs. CHI,07/31/2018,L,40,91,30,74,40.5,2,22,9.1,29,33,87.9,19,26,45,18,15,7,6,23,-1,
PHO,PHO vs. SEA,07/31/2018,L,40,91,34,72,47.2,6,22,27.3,17,24,70.8,7,25,32,25,8,5,6,14,-11,
SEA,SEA @ PHO,07/31/2018,W,40,102,40,74,54.1,11,22,50.0,11,13,84.6,5,31,36,24,11,4,6,17,11,
ATL,ATL vs. WAS,07/31/2018,L,40,71,26,73,35.6,3,22,13.6,16,22,72.7,13,22,35,12,10,9,5,18,-15,
PHO,PHO vs. CHI,07/25/2018,L,40,87,28,70,40.0,8,20,40.0,23,27,85.2,12,18,30,13,14,8,2,14,-14,
CHI,CHI @ PHO,07/25/2018,W,40,101,39,70,55.7,9,23,39.1,14,18,77.8,8,26,34,27,12,6,8,22,14,
IND,IND vs. SEA,07/24/2018,L,40,72,27,78,34.6,5,17,29.4,13,15,86.7,12,29,41,17,10,6,2,13,-20,
SEA,SEA @ IND,07/24/2018,W,40,92,36,71,50.7,12,28,42.9,8,11,72.7,5,34,39,25,12,5,5,17,20,
LAS,LAS vs. ATL,07/24/2018,L,40,71,26,63,41.3,5,20,25.0,14,15,93.3,7,22,29,13,14,5,5,13,-10,
WAS,WAS @ CON,07/24/2018,L,40,68,28,73,38.4,4,26,15.4,8,9,88.9,7,19,26,17,9,6,3,12,-26,
MIN,MIN vs. NYL,07/24/2018,W,40,85,31,76,40.8,3,19,15.8,20,31,64.5,17,20,37,20,8,9,5,13,3,
CON,CON vs. WAS,07/24/2018,W,40,94,39,68,57.4,9,16,56.3,7,8,87.5,7,32,39,24,13,5,1,14,26,
NYL,NYL @ MIN,07/24/2018,L,40,82,31,73,42.5,8,29,27.6,12,13,92.3,12,28,40,23,15,5,2,23,-3,
ATL,ATL @ LAS,07/24/2018,W,40,81,35,71,49.3,4,13,30.8,7,12,58.3,9,29,38,21,13,8,2,15,10,
IND,IND @ LVA,07/22/2018,L,40,74,28,68,41.2,5,13,38.5,13,19,68.4,7,22,29,19,12,5,3,17,-14,
LVA,LVA vs. IND,07/22/2018,W,40,88,33,73,45.2,4,11,36.4,18,24,75.0,13,34,47,20,11,5,5,16,14,
SEA,SEA @ ATL,07/22/2018,L,40,74,29,71,40.8,9,28,32.1,7,9,77.8,9,26,35,16,14,5,3,18,-13,
ATL,ATL vs. SEA,07/22/2018,W,40,87,35,71,49.3,2,11,18.2,15,23,65.2,13,28,41,21,10,6,3,16,13,
CHI,CHI vs. LAS,07/22/2018,L,40,76,31,69,44.9,7,24,29.2,7,11,63.6,8,24,32,23,13,5,1,13,-17,
DAL,DAL vs. CON,07/22/2018,L,40,75,30,66,45.5,5,21,23.8,10,14,71.4,5,24,29,19,12,2,2,15,-17,
LAS,LAS @ CHI,07/22/2018,W,40,93,38,73,52.1,9,22,40.9,8,9,88.9,9,28,37,27,10,8,2,12,17,
CON,CON @ DAL,07/22/2018,W,40,92,37,74,50.0,10,20,50.0,8,13,61.5,12,23,35,23,8,8,4,16,17,
PHO,PHO vs. MIN,07/21/2018,L,40,75,24,63,38.1,7,23,30.4,20,21,95.2,6,21,27,11,11,4,2,17,-5,
MIN,MIN @ PHO,07/21/2018,W,40,80,30,70,42.9,4,14,28.6,16,17,94.1,12,25,37,12,14,7,5,26,5,
WAS,WAS @ NYL,07/21/2018,W,40,95,33,61,54.1,10,25,40.0,19,21,90.5,5,26,31,22,14,7,4,15,17,
NYL,NYL vs. WAS,07/21/2018,L,40,78,29,63,46.0,8,23,34.8,12,13,92.3,4,19,23,18,14,4,2,20,-17,
CON,CON vs. SEA,07/20/2018,L,40,65,25,61,41.0,5,17,29.4,10,11,90.9,10,28,38,18,23,7,1,16,-13,
DAL,DAL @ CHI,07/20/2018,L,40,99,30,71,42.3,7,27,25.9,32,37,86.5,10,19,29,19,11,11,7,18,-15,
LAS,LAS vs. IND,07/20/2018,L,40,76,32,70,45.7,4,18,22.2,8,11,72.7,12,26,38,20,11,3,0,12,-2,
IND,IND @ LAS,07/20/2018,W,40,78,31,72,43.1,9,23,39.1,7,10,70.0,10,27,37,21,10,10,1,14,2,
SEA,SEA @ CON,07/20/2018,W,40,78,29,68,42.6,11,25,44.0,9,9,100,6,22,28,13,12,12,4,14,13,
CHI,CHI vs. DAL,07/20/2018,W,40,114,42,74,56.8,12,25,48.0,18,22,81.8,12,27,39,29,18,5,4,28,15,
WAS,WAS @ DAL,07/19/2018,L,40,81,31,81,38.3,7,28,25.0,12,13,92.3,10,27,37,20,11,8,8,24,-9,
LVA,LVA @ PHO,07/19/2018,W,40,85,30,78,38.5,3,10,30.0,22,24,91.7,8,31,39,12,10,12,4,23,3,
PHO,PHO vs. LVA,07/19/2018,L,40,82,26,74,35.1,8,29,27.6,22,24,91.7,10,31,41,17,16,4,9,22,-3,
NYL,NYL @ ATL,07/19/2018,L,40,68,26,65,40.0,5,18,27.8,11,15,73.3,7,28,35,19,19,9,8,25,-14,
DAL,DAL vs. WAS,07/19/2018,W,40,90,29,66,43.9,7,18,38.9,25,35,71.4,10,31,41,19,13,4,2,18,9,
ATL,ATL vs. NYL,07/19/2018,W,40,82,28,88,31.8,9,30,30.0,17,25,68.0,21,28,49,17,15,10,3,15,14,
SEA,SEA @ CHI,07/18/2018,W,40,101,38,71,53.5,11,27,40.7,14,16,87.5,6,27,33,28,14,12,5,16,18,
IND,IND @ MIN,07/18/2018,L,40,65,26,64,40.6,2,7,28.6,11,11,100,6,18,24,14,12,4,0,22,-24,
CHI,CHI vs. SEA,07/18/2018,L,40,83,33,69,47.8,8,26,30.8,9,13,69.2,7,24,31,21,16,7,1,17,-18,
MIN,MIN vs. IND,07/18/2018,W,40,89,33,63,52.4,9,19,47.4,14,21,66.7,9,27,36,24,9,7,5,19,24,
CON,CON vs. ATL,07/17/2018,L,40,83,34,78,43.6,7,20,35.0,8,11,72.7,12,27,39,19,14,7,0,21,-3,
ATL,ATL @ CON,07/17/2018,W,40,86,30,65,46.2,5,14,35.7,21,25,84.0,5,32,37,14,16,9,6,14,3,
NYL,NYL @ DAL,07/17/2018,L,40,87,30,64,46.9,7,17,41.2,20,28,71.4,5,22,27,19,16,6,2,28,-17,
DAL,DAL vs. NYL,07/17/2018,W,40,104,32,63,50.8,8,21,38.1,32,38,84.2,5,27,32,27,11,11,7,21,17,
WAS,WAS @ ATL,07/15/2018,L,40,77,28,70,40.0,6,22,27.3,15,18,83.3,8,30,38,19,11,3,4,25,-3,
IND,IND vs. PHO,07/15/2018,L,40,82,31,71,43.7,2,13,15.4,18,19,94.7,10,25,35,17,9,5,1,21,-19,
MIN,MIN vs. CON,07/15/2018,L,40,64,27,64,42.2,4,15,26.7,6,10,60.0,7,20,27,15,15,6,3,18,-19,
ATL,ATL vs. WAS,07/15/2018,W,40,80,26,73,35.6,4,17,23.5,24,28,85.7,15,27,42,15,8,2,4,17,3,
NYL,NYL vs. CHI,07/15/2018,W,40,107,41,67,61.2,5,15,33.3,20,26,76.9,11,22,33,27,15,12,2,24,23,
LAS,LAS @ LVA,07/15/2018,W,40,99,37,76,48.7,10,20,50.0,15,15,100,5,30,35,20,8,7,4,16,21,
PHO,PHO @ IND,07/15/2018,W,40,101,38,70,54.3,11,26,42.3,14,21,66.7,8,25,33,24,9,7,2,20,19,
CON,CON @ MIN,07/15/2018,W,40,83,31,72,43.1,12,25,48.0,9,11,81.8,13,28,41,18,16,6,3,16,19,
LVA,LVA vs. LAS,07/15/2018,L,40,78,31,75,41.3,2,12,16.7,14,20,70.0,14,29,43,15,13,6,2,17,-21,
CHI,CHI @ NYL,07/15/2018,L,40,84,30,65,46.2,7,22,31.8,17,22,77.3,8,9,17,21,17,5,0,20,-23,
SEA,SEA vs. DAL,07/14/2018,W,40,91,32,77,41.6,7,24,29.2,20,27,74.1,17,23,40,17,15,10,5,16,7,
DAL,DAL @ SEA,07/14/2018,L,40,84,32,69,46.4,7,21,33.3,13,18,72.2,8,29,37,21,15,12,4,23,-7,
ATL,ATL vs. IND,07/13/2018,W,40,98,37,65,56.9,7,21,33.3,17,24,70.8,10,31,41,29,17,6,3,16,24,
CHI,CHI @ WAS,07/13/2018,L,40,72,29,67,43.3,4,21,19.0,10,13,76.9,8,23,31,19,18,7,6,21,-16,
WAS,WAS vs. CHI,07/13/2018,W,40,88,30,73,41.1,11,23,47.8,17,20,85.0,16,23,39,19,15,10,5,17,16,
MIN,MIN vs. LVA,07/13/2018,L,40,77,29,73,39.7,5,18,27.8,14,18,77.8,9,27,36,19,9,9,0,20,-8,
PHO,PHO @ CON,07/13/2018,L,40,87,30,58,51.7,8,19,42.1,19,23,82.6,5,25,30,22,15,4,4,16,-4,
IND,IND @ ATL,07/13/2018,L,40,74,27,68,39.7,7,17,41.2,13,17,76.5,10,17,27,16,12,8,1,21,-24,
CON,CON vs. PHO,07/13/2018,W,40,91,38,74,51.4,6,16,37.5,9,14,64.3,8,22,30,22,8,8,1,20,4,
LVA,LVA @ MIN,07/13/2018,W,40,85,31,63,49.2,5,16,31.3,18,23,78.3,6,36,42,26,12,5,5,21,8,
DAL,DAL @ LAS,07/12/2018,W,40,92,36,72,50.0,4,22,18.2,16,18,88.9,12,24,36,22,11,11,4,18,15,
LAS,LAS vs. DAL,07/12/2018,L,40,77,27,62,43.5,4,17,23.5,19,24,79.2,5,22,27,16,14,8,3,15,-15,
WAS,WAS vs. ATL,07/11/2018,L,40,89,30,73,41.1,11,25,44.0,18,20,90.0,16,18,34,18,11,5,0,18,-17,
ATL,ATL @ WAS,07/11/2018,W,40,106,41,68,60.3,11,18,61.1,13,15,86.7,6,21,27,31,11,8,8,19,17,
CON,CON vs. NYL,07/11/2018,L,40,76,29,68,42.6,4,15,26.7,14,24,58.3,8,30,38,18,12,7,4,22,-3,
MIN,MIN @ IND,07/11/2018,W,40,87,33,64,51.6,4,16,25.0,17,19,89.5,10,28,38,29,11,4,2,13,22,
IND,IND vs. MIN,07/11/2018,L,40,65,27,66,40.9,3,9,33.3,8,9,88.9,5,21,26,14,11,6,1,19,-22,
NYL,NYL @ CON,07/11/2018,W,40,79,32,71,45.1,7,21,33.3,8,12,66.7,7,28,35,21,14,6,5,23,3,
CHI,CHI vs. LVA,07/10/2018,L,40,74,27,71,38.0,5,18,27.8,15,20,75.0,11,22,33,22,14,9,7,19,-24,
SEA,SEA vs. LAS,07/10/2018,L,45,75,30,69,43.5,5,24,20.8,10,11,90.9,9,32,41,20,21,9,7,16,-2,
LAS,LAS @ SEA,07/10/2018,W,45,77,30,75,40.0,6,15,40.0,11,12,91.7,9,25,34,23,12,10,3,17,2,
DAL,DAL vs. PHO,07/10/2018,W,40,101,36,71,50.7,7,18,38.9,22,28,78.6,15,21,36,17,14,14,5,17,29,
LVA,LVA @ CHI,07/10/2018,W,40,98,35,73,47.9,6,12,50.0,22,26,84.6,10,30,40,26,14,7,3,17,24,
PHO,PHO @ DAL,07/10/2018,L,40,72,27,62,43.5,6,19,31.6,12,14,85.7,6,15,21,21,22,5,3,20,-29,
WAS,WAS @ SEA,07/08/2018,L,40,91,32,71,45.1,14,29,48.3,13,16,81.3,8,22,30,19,8,6,3,19,-6,
NYL,NYL vs. DAL,07/08/2018,L,40,87,30,75,40.0,8,24,33.3,19,28,67.9,14,16,30,17,6,5,2,22,-10,
DAL,DAL @ NYL,07/08/2018,W,40,97,32,65,49.2,7,21,33.3,26,32,81.3,8,32,40,19,11,1,5,18,10,
SEA,SEA vs. WAS,07/08/2018,W,40,97,31,62,50.0,12,20,60.0,23,26,88.5,8,28,36,18,10,5,0,16,6,
PHO,PHO @ ATL,07/08/2018,L,40,70,27,74,36.5,10,31,32.3,6,9,66.7,9,25,34,17,17,7,5,20,-6,
ATL,ATL vs. PHO,07/08/2018,W,40,76,29,71,40.8,5,17,29.4,13,17,76.5,9,34,43,17,17,8,10,20,6,
CON,CON @ LVA,07/07/2018,L,40,90,37,82,45.1,9,29,31.0,7,10,70.0,11,23,34,24,10,5,5,15,-4,
MIN,MIN @ CHI,07/07/2018,L,40,63,27,76,35.5,5,18,27.8,4,6,66.7,15,25,40,19,16,10,4,13,-14,
WAS,WAS @ LAS,07/07/2018,W,40,83,25,61,41.0,1,16,6.3,32,35,91.4,8,26,34,13,13,9,2,15,9,
LVA,LVA vs. CON,07/07/2018,W,40,94,37,75,49.3,4,13,30.8,16,19,84.2,9,29,38,26,11,5,7,12,4,
LAS,LAS vs. WAS,07/07/2018,L,40,74,29,64,45.3,4,16,25.0,12,13,92.3,5,25,30,17,15,7,2,27,-9,
CHI,CHI vs. MIN,07/07/2018,W,40,77,30,63,47.6,9,17,52.9,8,10,80.0,4,34,38,22,16,11,2,13,14,
SEA,SEA @ ATL,07/06/2018,W,40,95,36,70,51.4,9,20,45.0,14,21,66.7,7,30,37,23,14,5,6,19,9,
ATL,ATL vs. SEA,07/06/2018,L,40,86,28,73,38.4,10,26,38.5,20,24,83.3,6,24,30,19,12,7,2,19,-9,
CON,CON @ PHO,07/05/2018,L,40,77,28,81,34.6,9,22,40.9,12,13,92.3,17,23,40,16,12,8,1,26,-7,
DAL,DAL vs. IND,07/05/2018,W,40,90,29,63,46.0,4,18,22.2,28,34,82.4,11,36,47,16,18,4,1,16,27,
MIN,MIN vs. LAS,07/05/2018,W,40,83,29,56,51.8,8,13,61.5,17,18,94.4,5,28,33,23,16,3,2,16,11,
LVA,LVA vs. CHI,07/05/2018,W,40,84,33,78,42.3,3,7,42.9,15,20,75.0,12,28,40,22,10,10,8,11,4,
IND,IND @ DAL,07/05/2018,L,40,63,24,68,35.3,2,12,16.7,13,16,81.3,4,18,22,10,13,8,3,26,-27,
CHI,CHI @ LVA,07/05/2018,L,40,80,30,70,42.9,8,21,38.1,12,13,92.3,8,27,35,20,18,5,6,15,-4,
NYL,NYL @ WAS,07/05/2018,L,40,67,23,62,37.1,6,20,30.0,15,19,78.9,10,26,36,16,16,8,1,19,-19,
LAS,LAS @ MIN,07/05/2018,L,40,72,28,66,42.4,6,20,30.0,10,13,76.9,8,19,27,19,10,7,4,18,-11,
PHO,PHO vs. CON,07/05/2018,W,40,84,26,59,44.1,8,25,32.0,24,28,85.7,11,31,42,16,18,8,4,18,7,
WAS,WAS vs. NYL,07/05/2018,W,40,86,29,65,44.6,11,27,40.7,17,19,89.5,7,26,33,22,10,10,6,17,19,
NYL,NYL vs. SEA,07/03/2018,L,40,62,26,68,38.2,5,13,38.5,5,8,62.5,9,22,31,20,15,6,1,9,-15,
DAL,DAL vs. CHI,07/03/2018,W,40,108,45,79,57.0,9,23,39.1,9,10,90.0,12,24,36,26,13,9,5,15,23,
MIN,MIN vs. IND,07/03/2018,L,40,59,22,67,32.8,6,21,28.6,9,15,60.0,11,29,40,16,13,3,3,16,-12,
IND,IND @ MIN,07/03/2018,W,40,71,27,69,39.1,4,15,26.7,13,18,72.2,9,33,42,12,8,7,6,18,12,
LAS,LAS vs. CON,07/03/2018,L,40,72,27,64,42.2,4,13,30.8,14,15,93.3,6,21,27,11,13,10,1,16,-1,
SEA,SEA @ NYL,07/03/2018,W,40,77,30,65,46.2,5,22,22.7,12,13,92.3,9,29,38,25,12,4,3,12,15,
CON,CON @ LAS,07/03/2018,W,40,73,29,59,49.2,3,15,20.0,12,15,80.0,6,28,34,16,18,8,3,18,1,
CHI,CHI @ DAL,07/03/2018,L,40,85,31,72,43.1,8,23,34.8,15,17,88.2,10,21,31,18,17,11,1,14,-23,
NYL,NYL @ CHI,07/01/2018,W,45,97,31,72,43.1,6,19,31.6,29,37,78.4,11,29,40,23,13,11,1,23,3,
SEA,SEA vs. CON,07/01/2018,W,40,84,34,73,46.6,8,25,32.0,8,8,100,8,26,34,23,11,9,7,15,14,
CHI,CHI vs. NYL,07/01/2018,L,45,94,31,74,41.9,12,30,40.0,20,23,87.0,6,29,35,23,16,6,4,32,-3,
LVA,LVA @ LAS,07/01/2018,L,40,71,28,56,50.0,3,6,50.0,12,17,70.6,4,22,26,24,21,7,1,15,-16,
LAS,LAS vs. LVA,07/01/2018,W,40,87,35,60,58.3,8,18,44.4,9,11,81.8,2,22,24,24,15,13,1,17,16,
ATL,ATL @ IND,07/01/2018,W,40,87,35,70,50.0,4,9,44.4,13,14,92.9,6,27,33,23,16,6,4,19,4,
MIN,MIN @ DAL,07/01/2018,W,40,76,29,71,40.8,5,17,29.4,13,15,86.7,9,22,31,20,14,9,6,15,4,
DAL,DAL vs. MIN,07/01/2018,L,40,72,25,62,40.3,6,22,27.3,16,20,80.0,6,27,33,19,18,6,7,15,-4,
CON,CON @ SEA,07/01/2018,L,40,70,27,72,37.5,6,24,25.0,10,16,62.5,14,25,39,15,15,7,3,12,-14,
IND,IND vs. ATL,07/01/2018,L,40,83,30,66,45.5,5,14,35.7,18,21,85.7,6,24,30,20,14,7,5,14,-4,
WAS,WAS vs. PHO,06/30/2018,L,40,74,28,70,40.0,6,22,27.3,12,13,92.3,8,31,39,13,12,2,4,18,-10,
PHO,PHO @ WAS,06/30/2018,W,40,84,30,70,42.9,7,21,33.3,17,18,94.4,7,34,41,26,8,7,5,14,10,
LVA,LVA vs. LAS,06/29/2018,W,40,94,33,64,51.6,5,8,62.5,23,31,74.2,8,32,40,23,13,8,3,17,16,
IND,IND vs. PHO,06/29/2018,L,40,77,29,64,45.3,8,20,40.0,11,12,91.7,2,17,19,15,14,4,0,21,-18,
NYL,NYL vs. CHI,06/29/2018,L,40,99,39,77,50.6,8,19,42.1,13,16,81.3,13,20,33,24,11,11,1,23,-4,
PHO,PHO @ IND,06/29/2018,W,40,95,32,62,51.6,10,21,47.6,21,21,100,8,25,33,22,17,1,6,15,18,
LAS,LAS @ LVA,06/29/2018,L,40,78,29,73,39.7,13,28,46.4,7,12,58.3,11,23,34,19,13,7,7,20,-16,
MIN,MIN vs. ATL,06/29/2018,W,40,85,33,65,50.8,7,13,53.8,12,13,92.3,7,28,35,25,18,4,4,17,11,
CHI,CHI @ NYL,06/29/2018,W,40,103,35,62,56.5,11,21,52.4,22,26,84.6,5,22,27,27,13,3,5,15,4,
ATL,ATL @ MIN,06/29/2018,L,40,74,29,67,43.3,3,14,21.4,13,17,76.5,7,22,29,17,14,11,6,14,-11,
LAS,LAS @ SEA,06/28/2018,L,40,72,26,68,38.2,6,17,35.3,14,15,93.3,10,25,35,8,12,6,5,15,-9,
NYL,NYL @ WAS,06/28/2018,L,40,77,31,62,50.0,5,17,29.4,10,11,90.9,7,27,34,24,15,2,4,24,-3,
SEA,SEA vs. LAS,06/28/2018,W,40,81,32,68,47.1,4,19,21.1,13,16,81.3,12,27,39,24,14,8,2,16,9,
WAS,WAS vs. NYL,06/28/2018,W,40,80,26,68,38.2,7,27,25.9,21,22,95.5,10,23,33,13,11,4,5,17,3,
IND,IND @ CON,06/27/2018,L,40,89,32,66,48.5,9,19,47.4,16,19,84.2,11,18,29,14,15,10,2,20,-12,
CON,CON vs. IND,06/27/2018,W,40,101,35,63,55.6,13,24,54.2,18,21,85.7,8,24,32,23,16,4,4,20,12,
LVA,LVA vs. DAL,06/27/2018,L,40,91,31,71,43.7,4,8,50.0,25,27,92.6,11,25,36,24,13,5,4,21,-6,
DAL,DAL @ LVA,06/27/2018,W,40,97,32,70,45.7,10,28,35.7,23,30,76.7,6,26,32,20,11,6,5,23,6,
CHI,CHI vs. ATL,06/27/2018,W,40,93,37,75,49.3,7,17,41.2,12,16,75.0,13,29,42,30,14,8,6,18,13,
ATL,ATL @ CHI,06/27/2018,L,40,80,30,67,44.8,9,19,47.4,11,21,52.4,10,24,34,18,16,5,4,19,-13,
MIN,MIN vs. SEA,06/26/2018,W,40,91,35,73,47.9,5,11,45.5,16,18,88.9,11,31,42,25,11,7,4,12,12,
CON,CON @ WAS,06/26/2018,L,40,80,30,68,44.1,6,18,33.3,14,18,77.8,15,26,41,16,17,1,1,22,-12,
SEA,SEA @ MIN,06/26/2018,L,40,79,30,70,42.9,9,28,32.1,10,11,90.9,6,22,28,21,11,8,1,17,-12,
LAS,LAS vs. DAL,06/26/2018,W,40,87,33,63,52.4,5,15,33.3,16,24,66.7,5,26,31,17,15,14,7,18,4,
PHO,PHO @ NYL,06/26/2018,W,40,83,26,54,48.1,14,23,60.9,17,22,77.3,3,25,28,19,15,4,6,15,14,
NYL,NYL vs. PHO,06/26/2018,L,40,69,27,66,40.9,8,19,42.1,7,12,58.3,8,23,31,19,16,7,1,22,-14,
DAL,DAL @ LAS,06/26/2018,L,40,83,29,74,39.2,8,23,34.8,17,20,85.0,13,26,39,16,18,8,3,17,-4,
WAS,WAS vs. CON,06/26/2018,W,40,92,31,65,47.7,9,20,45.0,21,28,75.0,8,24,32,21,7,9,4,16,12,
NYL,NYL @ LAS,06/24/2018,L,40,54,23,60,38.3,5,18,27.8,3,10,30.0,2,29,31,14,14,6,0,18,-26,
LVA,LVA vs. MIN,06/24/2018,L,40,73,29,70,41.4,4,13,30.8,11,12,91.7,6,23,29,21,13,7,4,12,-15,
DAL,DAL vs. SEA,06/24/2018,L,40,76,25,64,39.1,7,23,30.4,19,25,76.0,5,17,22,18,13,7,6,14,-21,
PHO,PHO @ CHI,06/24/2018,L,40,88,31,70,44.3,8,22,36.4,18,25,72.0,11,16,27,23,15,7,4,23,-9,
CHI,CHI vs. PHO,06/24/2018,W,40,97,33,67,49.3,10,23,43.5,21,24,87.5,8,23,31,23,20,8,6,23,9,
MIN,MIN @ LVA,06/24/2018,W,40,88,38,69,55.1,5,15,33.3,7,9,77.8,7,29,36,22,14,8,5,15,15,
CON,CON @ IND,06/24/2018,W,40,87,34,70,48.6,8,17,47.1,11,14,78.6,12,25,37,18,14,8,3,23,9,
SEA,SEA @ DAL,06/24/2018,W,40,97,36,68,52.9,13,29,44.8,12,13,92.3,8,31,39,27,17,10,5,26,21,
LAS,LAS vs. NYL,06/24/2018,W,40,80,31,61,50.8,8,20,40.0,10,18,55.6,3,36,39,27,10,10,4,14,26,
IND,IND vs. CON,06/24/2018,L,40,78,31,67,46.3,7,16,43.8,9,11,81.8,9,18,27,16,12,4,1,18,-9,
WAS,WAS @ CHI,06/22/2018,W,40,93,34,66,51.5,10,23,43.5,15,19,78.9,7,26,33,23,20,11,7,14,16,
CHI,CHI vs. WAS,06/22/2018,L,40,77,28,65,43.1,6,19,31.6,15,19,78.9,5,24,29,19,20,9,2,17,-16,
IND,IND @ SEA,06/22/2018,L,40,63,25,72,34.7,5,19,26.3,8,8,100,9,26,35,12,16,6,1,12,-9,
LAS,LAS @ DAL,06/22/2018,L,40,72,29,65,44.6,3,15,20.0,11,13,84.6,7,17,24,18,14,6,3,19,-29,
CON,CON @ ATL,06/22/2018,L,40,70,24,67,35.8,6,20,30.0,16,23,69.6,12,21,33,15,21,10,2,35,-5,
MIN,MIN @ PHO,06/22/2018,W,40,83,32,71,45.1,6,14,42.9,13,18,72.2,10,27,37,20,12,13,2,25,11,
NYL,NYL @ LVA,06/22/2018,L,40,78,30,80,37.5,8,26,30.8,10,10,100,14,24,38,22,18,10,6,25,-10,
LVA,LVA vs. NYL,06/22/2018,W,40,88,27,64,42.2,6,10,60.0,28,31,90.3,12,31,43,16,17,8,4,15,10,
SEA,SEA vs. IND,06/22/2018,W,40,72,28,57,49.1,8,21,38.1,8,15,53.3,5,32,37,21,20,10,7,9,9,
PHO,PHO vs. MIN,06/22/2018,L,40,72,24,60,40.0,6,21,28.6,18,24,75.0,4,25,29,12,16,7,5,18,-11,
ATL,ATL vs. CON,06/22/2018,W,40,75,23,61,37.7,2,11,18.2,27,41,65.9,11,28,39,16,17,7,7,21,5,
DAL,DAL vs. LAS,06/22/2018,W,40,101,34,64,53.1,12,25,48.0,21,26,80.8,8,29,37,23,11,9,3,15,29,
CHI,CHI @ WAS,06/19/2018,L,40,60,19,64,29.7,6,20,30.0,16,22,72.7,14,18,32,14,18,6,4,21,-28,
LAS,LAS vs. IND,06/19/2018,W,40,74,32,68,47.1,4,13,30.8,6,6,100,3,26,29,20,8,9,7,12,19,
SEA,SEA vs. LVA,06/19/2018,L,40,77,29,71,40.8,4,26,15.4,15,19,78.9,4,26,30,15,8,6,8,18,-12,
DAL,DAL @ MIN,06/19/2018,L,40,83,28,60,46.7,6,21,28.6,21,27,77.8,6,27,33,21,22,8,1,25,-8,
LVA,LVA @ SEA,06/19/2018,W,40,89,34,76,44.7,4,7,57.1,17,23,73.9,14,33,47,18,9,5,4,18,12,
MIN,MIN vs. DAL,06/19/2018,W,40,91,29,67,43.3,3,11,27.3,30,35,85.7,7,25,32,23,13,13,1,26,8,
ATL,ATL @ NYL,06/19/2018,L,40,72,20,67,29.9,5,27,18.5,27,34,79.4,12,31,43,10,19,6,4,21,-7,
NYL,NYL vs. ATL,06/19/2018,W,40,79,29,74,39.2,5,20,25.0,16,20,80.0,7,31,38,23,14,12,0,27,7,
IND,IND @ LAS,06/19/2018,L,40,55,21,69,30.4,3,14,21.4,10,14,71.4,14,31,45,8,17,3,2,13,-19,
WAS,WAS vs. CHI,06/19/2018,W,40,88,33,74,44.6,6,22,27.3,16,18,88.9,15,21,36,26,14,13,9,21,28,
LVA,LVA vs. PHO,06/17/2018,L,40,80,28,78,35.9,2,10,20.0,22,31,71.0,19,30,49,18,12,4,2,19,-12,
CHI,CHI vs. LAS,06/17/2018,L,40,72,28,62,45.2,4,15,26.7,12,16,75.0,5,27,32,15,14,3,4,16,-9,
PHO,PHO @ LVA,06/17/2018,W,40,92,29,68,42.6,13,32,40.6,21,24,87.5,7,27,34,22,8,10,6,26,12,
LAS,LAS @ CHI,06/17/2018,W,40,81,30,72,41.7,4,13,30.8,17,20,85.0,13,28,41,19,12,7,6,17,9,
CON,CON @ PHO,06/16/2018,L,40,72,29,79,36.7,5,23,21.7,9,10,90.0,14,16,30,12,16,4,5,19,-17,
IND,IND vs. ATL,06/16/2018,W,40,96,34,76,44.7,9,22,40.9,19,20,95.0,11,26,37,19,12,7,5,14,32,
NYL,NYL @ MIN,06/16/2018,L,40,71,28,61,45.9,8,22,36.4,7,7,100,3,19,22,20,17,8,2,21,-14,
MIN,MIN vs. NYL,06/16/2018,W,40,85,34,70,48.6,6,18,33.3,11,14,78.6,7,28,35,23,18,9,0,19,14,
PHO,PHO vs. CON,06/16/2018,W,40,89,33,69,47.8,8,25,32.0,15,15,100,9,27,36,23,18,7,4,19,17,
ATL,ATL @ IND,06/16/2018,L,40,64,25,67,37.3,3,15,20.0,11,15,73.3,9,20,29,17,19,5,7,20,-32,
LAS,LAS @ WAS,06/15/2018,W,40,97,35,56,62.5,8,10,80.0,19,20,95.0,3,21,24,29,18,6,2,14,11,
SEA,SEA vs. CON,06/15/2018,W,40,103,32,66,48.5,12,27,44.4,27,34,79.4,9,26,35,23,9,8,0,17,11,
LVA,LVA @ DAL,06/15/2018,L,40,67,25,60,41.7,4,6,66.7,13,18,72.2,1,26,27,15,10,5,7,18,-10,
WAS,WAS vs. LAS,06/15/2018,L,40,86,31,69,44.9,8,22,36.4,16,18,88.9,13,13,26,19,14,10,2,21,-11,
DAL,DAL vs. LVA,06/15/2018,W,40,77,31,72,43.1,1,15,6.7,14,17,82.4,11,32,43,15,13,7,4,17,10,
CON,CON @ SEA,06/15/2018,L,40,92,36,74,48.6,8,26,30.8,12,15,80.0,8,24,32,21,10,5,3,25,-11,
IND,IND @ ATL,06/14/2018,L,40,67,25,68,36.8,4,17,23.5,13,17,76.5,11,32,43,16,15,6,5,24,-5,
ATL,ATL vs. IND,06/14/2018,W,40,72,23,67,34.3,3,21,14.3,23,30,76.7,8,30,38,14,10,8,4,17,5,
NYL,NYL vs. LVA,06/13/2018,L,40,63,28,66,42.4,4,24,16.7,3,6,50.0,7,19,26,19,14,6,4,23,-15,
CON,CON vs. WAS,06/13/2018,L,40,91,34,77,44.2,8,24,33.3,15,17,88.2,12,21,33,15,12,4,4,23,-4,
WAS,WAS @ CON,06/13/2018,W,40,95,31,64,48.4,9,21,42.9,24,26,92.3,8,26,34,10,12,8,6,22,4,
LVA,LVA @ NYL,06/13/2018,W,40,78,30,65,46.2,3,12,25.0,15,20,75.0,5,22,27,20,14,7,4,13,15,
CHI,CHI @ SEA,06/12/2018,L,40,85,32,78,41.0,13,32,40.6,8,10,80.0,14,20,34,18,9,8,6,21,-11,
DAL,DAL vs. PHO,06/12/2018,L,40,72,24,66,36.4,4,16,25.0,20,25,80.0,11,25,36,11,13,7,3,20,-3,
LVA,LVA @ IND,06/12/2018,W,45,101,40,77,51.9,3,9,33.3,18,26,69.2,10,29,39,30,13,5,5,16,9,
SEA,SEA vs. CHI,06/12/2018,W,40,96,35,62,56.5,9,19,47.4,17,21,81.0,9,25,34,23,13,5,6,15,11,
PHO,PHO @ DAL,06/12/2018,W,40,75,24,62,38.7,7,17,41.2,20,22,90.9,7,30,37,19,18,5,5,24,3,
IND,IND vs. LVA,06/12/2018,L,45,92,36,81,44.4,6,24,25.0,14,16,87.5,9,27,36,18,14,6,5,18,-9,
LAS,LAS vs. ATL,06/12/2018,W,40,72,29,65,44.6,7,15,46.7,7,10,70.0,9,22,31,18,16,5,1,12,8,
ATL,ATL @ LAS,06/12/2018,L,40,64,25,65,38.5,2,12,16.7,12,15,80.0,11,23,34,17,12,7,1,14,-8,
NYL,NYL vs. IND,06/10/2018,W,40,78,26,57,45.6,13,24,54.2,13,18,72.2,3,19,22,19,15,6,5,20,3,
ATL,ATL @ SEA,06/10/2018,W,40,67,28,69,40.6,3,19,15.8,8,11,72.7,7,29,36,14,15,6,5,21,3,
CHI,CHI @ LAS,06/10/2018,L,40,59,21,74,28.4,3,23,13.0,14,17,82.4,14,22,36,15,8,6,2,16,-18,
IND,IND @ NYL,06/10/2018,L,40,75,27,66,40.9,6,19,31.6,15,19,78.9,9,22,31,19,18,7,3,19,-3,
PHO,PHO vs. LVA,06/10/2018,W,40,72,25,72,34.7,6,27,22.2,16,21,76.2,12,37,49,20,13,4,10,18,6,
SEA,SEA vs. ATL,06/10/2018,L,40,64,25,74,33.8,4,26,15.4,10,17,58.8,15,29,44,15,17,6,4,20,-3,
LVA,LVA @ PHO,06/10/2018,L,40,66,24,74,32.4,3,13,23.1,15,18,83.3,9,31,40,16,10,5,2,18,-6,
LAS,LAS vs. CHI,06/10/2018,W,40,77,29,59,49.2,2,13,15.4,17,21,81.0,7,38,45,18,14,4,4,17,18,
MIN,MIN @ CON,06/09/2018,L,40,75,25,67,37.3,7,22,31.8,18,24,75.0,9,24,33,13,13,7,4,21,-14,
CON,CON vs. MIN,06/09/2018,W,40,89,33,70,47.1,6,15,40.0,17,23,73.9,12,26,38,14,10,4,1,21,14,
DAL,DAL @ IND,06/08/2018,W,40,89,30,65,46.2,4,16,25.0,25,30,83.3,9,25,34,13,13,4,5,19,6,
IND,IND vs. DAL,06/08/2018,L,40,83,31,79,39.2,6,23,26.1,15,17,88.2,12,23,35,15,9,4,3,31,-6,
ATL,ATL @ LVA,06/08/2018,W,40,87,31,73,42.5,7,17,41.2,18,21,85.7,10,33,43,19,12,5,6,24,4,
PHO,PHO vs. CHI,06/08/2018,W,40,96,37,67,55.2,9,20,45.0,13,14,92.9,6,23,29,26,10,8,3,12,17,
CHI,CHI @ PHO,06/08/2018,L,40,79,31,60,51.7,7,14,50.0,10,18,55.6,3,18,21,19,14,8,2,14,-17,
LVA,LVA vs. ATL,06/08/2018,L,40,83,29,70,41.4,5,13,38.5,20,29,69.0,8,29,37,18,13,8,2,17,-4,
LAS,LAS vs. SEA,06/07/2018,L,40,63,25,67,37.3,2,12,16.7,11,12,91.7,8,18,26,13,18,12,1,17,-25,
MIN,MIN @ WAS,06/07/2018,W,40,88,32,68,47.1,6,15,40.0,18,19,94.7,11,23,34,18,17,8,2,14,8,
CON,CON @ NYL,06/07/2018,W,40,88,33,82,40.2,8,25,32.0,14,24,58.3,16,24,40,22,9,6,3,21,2,
SEA,SEA @ LAS,06/07/2018,W,40,88,31,60,51.7,7,21,33.3,19,22,86.4,8,28,36,22,17,12,3,15,25,
WAS,WAS vs. MIN,06/07/2018,L,40,80,33,66,50.0,4,19,21.1,10,10,100,3,17,20,19,13,9,5,23,-8,
NYL,NYL vs. CON,06/07/2018,L,40,86,32,69,46.4,7,25,28.0,15,19,78.9,6,29,35,25,14,3,5,21,-2,
PHO,PHO @ NYL,06/05/2018,W,40,80,28,56,50.0,7,23,30.4,17,19,89.5,3,18,21,21,12,8,4,9,6,
ATL,ATL vs. CON,06/05/2018,W,40,82,28,64,43.8,6,12,50.0,20,27,74.1,3,33,36,18,13,9,2,17,5,
NYL,NYL vs. PHO,06/05/2018,L,40,74,31,75,41.3,9,28,32.1,3,5,60.0,19,20,39,19,17,6,0,19,-6,
CON,CON @ ATL,06/05/2018,L,40,77,30,82,36.6,7,32,21.9,10,14,71.4,13,34,47,21,16,6,6,26,-5,
PHO,PHO @ ATL,06/03/2018,W,40,78,28,60,46.7,6,24,25.0,16,18,88.9,7,27,34,24,19,9,6,19,7,
CHI,CHI vs. LVA,06/03/2018,W,40,95,28,72,38.9,7,21,33.3,32,38,84.2,12,28,40,20,14,7,5,18,5,
LAS,LAS vs. MIN,06/03/2018,W,40,77,32,62,51.6,3,13,23.1,10,12,83.3,4,21,25,18,13,6,1,16,8,
WAS,WAS vs. CON,06/03/2018,L,40,64,26,72,36.1,3,21,14.3,9,10,90.0,9,22,31,11,13,8,2,17,-24,
LVA,LVA @ CHI,06/03/2018,L,40,90,37,72,51.4,6,9,66.7,10,16,62.5,2,27,29,33,15,4,7,27,-5,
ATL,ATL vs. PHO,06/03/2018,L,40,71,26,76,34.2,5,19,26.3,14,22,63.6,16,22,38,11,13,6,5,18,-7,
MIN,MIN @ LAS,06/03/2018,L,40,69,26,55,47.3,5,14,35.7,12,20,60.0,5,26,31,12,18,5,1,17,-8,
CON,CON @ WAS,06/03/2018,W,40,88,34,73,46.6,10,26,38.5,10,18,55.6,14,31,45,14,15,6,2,17,24,
SEA,SEA @ DAL,06/02/2018,L,40,90,32,68,47.1,6,23,26.1,20,23,87.0,9,17,26,22,12,9,4,23,-4,
DAL,DAL vs. SEA,06/02/2018,W,40,94,32,63,50.8,4,16,25.0,26,33,78.8,12,24,36,16,16,8,3,21,4,
IND,IND vs. NYL,06/02/2018,L,45,81,31,79,39.2,7,23,30.4,12,18,66.7,10,23,33,17,10,6,1,28,-6,
NYL,NYL @ IND,06/02/2018,W,45,87,27,68,39.7,3,19,15.8,30,32,93.8,12,34,46,14,21,4,5,18,6,
CHI,CHI vs. CON,06/01/2018,L,40,72,23,60,38.3,5,12,41.7,21,25,84.0,4,20,24,15,23,5,3,22,-38,
CON,CON @ CHI,06/01/2018,W,40,110,42,82,51.2,8,25,32.0,18,23,78.3,18,31,49,25,16,15,9,25,38,
WAS,WAS @ LVA,06/01/2018,L,40,73,24,60,40.0,3,16,18.8,22,28,78.6,10,19,29,13,15,5,6,30,-12,
MIN,MIN vs. PHO,06/01/2018,L,40,85,31,67,46.3,8,16,50.0,15,20,75.0,8,23,31,18,13,4,1,23,-10,
LVA,LVA vs. WAS,06/01/2018,W,40,85,25,60,41.7,2,14,14.3,33,40,82.5,12,26,38,18,13,5,7,24,12,
PHO,PHO @ MIN,06/01/2018,W,40,95,35,65,53.8,10,24,41.7,15,20,75.0,6,29,35,22,12,7,5,19,10,
SEA,SEA vs. LVA,05/31/2018,W,40,101,37,69,53.6,17,26,65.4,10,11,90.9,9,27,36,27,15,6,5,23,27,
LVA,LVA @ SEA,05/31/2018,L,40,74,28,63,44.4,1,9,11.1,17,23,73.9,7,20,27,14,13,6,4,15,-27,
WAS,WAS @ PHO,05/30/2018,W,40,103,35,65,53.8,11,17,64.7,22,28,78.6,8,23,31,18,16,8,1,23,8,
PHO,PHO vs. WAS,05/30/2018,L,40,95,37,72,51.4,8,25,32.0,13,13,100,6,20,26,24,13,8,4,22,-8,
NYL,NYL vs. DAL,05/29/2018,W,40,94,36,69,52.2,9,22,40.9,13,16,81.3,7,25,32,22,14,11,3,21,5,
SEA,SEA vs. WAS,05/29/2018,W,40,81,33,71,46.5,7,21,33.3,8,10,80.0,9,26,35,20,16,6,2,16,4,
ATL,ATL vs. MIN,05/29/2018,W,40,76,28,60,46.7,4,17,23.5,16,20,80.0,3,24,27,17,13,13,5,18,2,
MIN,MIN @ ATL,05/29/2018,L,40,74,29,68,42.6,7,15,46.7,9,11,81.8,8,30,38,22,17,6,1,15,-2,
WAS,WAS @ SEA,05/29/2018,L,40,77,29,67,43.3,8,17,47.1,11,15,73.3,9,22,31,12,15,4,1,20,-4,
DAL,DAL @ NYL,05/29/2018,L,40,89,28,59,47.5,13,31,41.9,20,28,71.4,6,26,32,18,21,8,4,20,-5,
MIN,MIN @ WAS,05/27/2018,L,40,78,31,62,50.0,6,21,28.6,10,13,76.9,5,21,26,22,13,9,2,15,-12,
WAS,WAS vs. MIN,05/27/2018,W,40,90,35,72,48.6,15,35,42.9,5,9,55.6,14,22,36,19,11,7,3,21,12,
LAS,LAS vs. PHO,05/27/2018,W,40,80,26,58,44.8,7,18,38.9,21,30,70.0,9,22,31,17,13,8,1,18,8,
SEA,SEA @ LVA,05/27/2018,W,40,105,36,69,52.2,12,26,46.2,21,24,87.5,6,26,32,25,13,9,4,23,7,
PHO,PHO @ LAS,05/27/2018,L,40,72,26,56,46.4,4,16,25.0,16,21,76.2,8,18,26,19,19,5,3,30,-8,
LVA,LVA vs. SEA,05/27/2018,L,40,98,36,71,50.7,5,10,50.0,21,30,70.0,10,24,34,20,16,6,0,18,-7,
IND,IND @ CON,05/26/2018,L,40,77,28,70,40.0,7,20,35.0,14,19,73.7,12,25,37,18,18,7,5,23,-9,
CON,CON vs. IND,05/26/2018,W,40,86,32,66,48.5,3,14,21.4,19,26,73.1,4,25,29,20,13,6,3,20,9,
DAL,DAL @ ATL,05/26/2018,W,40,78,22,58,37.9,6,21,28.6,28,36,77.8,8,39,47,14,24,7,12,21,8,
ATL,ATL vs. DAL,05/26/2018,L,40,70,24,85,28.2,6,21,28.6,16,22,72.7,16,19,35,13,12,13,9,26,-8,
SEA,SEA vs. CHI,05/25/2018,W,45,95,34,81,42.0,5,24,20.8,22,27,81.5,14,20,34,21,8,8,5,17,4,
CHI,CHI @ SEA,05/25/2018,L,45,91,36,73,49.3,7,17,41.2,12,13,92.3,7,32,39,21,18,5,4,19,-4,
MIN,MIN @ NYL,05/25/2018,W,40,78,27,69,39.1,4,18,22.2,20,25,80.0,10,34,44,13,11,4,2,17,6,
NYL,NYL vs. MIN,05/25/2018,L,40,72,27,72,37.5,5,24,20.8,13,18,72.2,11,23,34,11,6,4,2,20,-6,
WAS,WAS @ IND,05/24/2018,W,40,93,33,65,50.8,8,20,40.0,19,24,79.2,9,26,35,13,13,4,1,22,9,
LAS,LAS @ CON,05/24/2018,L,40,94,35,64,54.7,8,14,57.1,16,19,84.2,5,9,14,23,13,8,2,16,-8,
IND,IND vs. WAS,05/24/2018,L,40,84,29,60,48.3,9,24,37.5,17,21,81.0,1,22,23,20,12,9,3,22,-9,
CON,CON vs. LAS,05/24/2018,W,40,102,40,64,62.5,8,14,57.1,14,16,87.5,9,20,29,26,21,6,3,22,8,
DAL,DAL @ MIN,05/23/2018,L,40,68,28,81,34.6,9,29,31.0,3,7,42.9,6,27,33,19,12,3,8,21,-8,
PHO,PHO vs. SEA,05/23/2018,L,40,71,28,64,43.8,5,16,31.3,10,11,90.9,2,21,23,17,13,5,5,18,-16,
SEA,SEA @ PHO,05/23/2018,W,40,87,29,56,51.8,7,18,38.9,22,23,95.7,5,28,33,14,15,7,3,20,16,
MIN,MIN vs. DAL,05/23/2018,W,40,76,27,73,37.0,3,11,27.3,19,28,67.9,14,36,50,15,15,7,4,11,8,
ATL,ATL @ CHI,05/23/2018,W,40,81,33,71,46.5,6,18,33.3,9,13,69.2,12,29,41,20,17,8,6,16,18,
CHI,CHI vs. ATL,05/23/2018,L,40,63,25,68,36.8,3,14,21.4,10,12,83.3,8,20,28,20,15,9,5,14,-18,
LAS,LAS @ IND,05/22/2018,W,40,87,34,67,50.7,6,17,35.3,13,15,86.7,5,29,34,21,10,7,2,21,17,
WAS,WAS vs. LVA,05/22/2018,W,40,75,28,67,41.8,8,31,25.8,11,13,84.6,7,30,37,12,21,8,4,22,5,
IND,IND vs. LAS,05/22/2018,L,40,70,24,62,38.7,6,19,31.6,16,16,100,5,27,32,11,15,2,3,17,-17,
LVA,LVA @ WAS,05/22/2018,L,40,70,28,72,38.9,1,9,11.1,13,22,59.1,8,28,36,16,17,12,5,14,-5,
DAL,DAL vs. ATL,05/20/2018,W,40,101,31,64,48.4,6,17,35.3,33,42,78.6,12,28,40,14,12,5,10,22,23,
CON,CON vs. LVA,05/20/2018,W,40,101,37,79,46.8,11,21,52.4,16,22,72.7,11,31,42,27,9,14,6,23,36,
LVA,LVA @ CON,05/20/2018,L,40,65,18,68,26.5,1,7,14.3,28,34,82.4,12,29,41,8,20,6,3,21,-36,
SEA,SEA vs. PHO,05/20/2018,L,40,82,25,66,37.9,10,27,37.0,22,25,88.0,13,24,37,15,16,7,7,25,-5,
ATL,ATL @ DAL,05/20/2018,L,40,78,26,73,35.6,5,18,27.8,21,28,75.0,14,21,35,18,14,9,4,32,-23,
WAS,WAS vs. IND,05/20/2018,W,40,82,28,67,41.8,11,25,44.0,15,16,93.8,5,22,27,18,10,7,2,17,7,
NYL,NYL @ CHI,05/20/2018,L,40,76,26,72,36.1,9,25,36.0,15,19,78.9,8,22,30,18,8,10,4,18,-4,
PHO,PHO @ SEA,05/20/2018,W,40,87,28,60,46.7,6,15,40.0,25,28,89.3,5,23,28,20,13,6,5,19,5,
CHI,CHI vs. NYL,05/20/2018,W,40,80,30,63,47.6,6,13,46.2,14,18,77.8,9,34,43,20,16,5,6,19,4,
IND,IND @ WAS,05/20/2018,L,40,75,27,62,43.5,5,15,33.3,16,25,64.0,10,29,39,13,16,6,2,17,-7,
LAS,LAS @ MIN,05/20/2018,W,40,77,29,72,40.3,3,18,16.7,16,20,80.0,5,20,25,13,7,14,1,20,1,
MIN,MIN vs. LAS,05/20/2018,L,40,76,27,55,49.1,3,7,42.9,19,22,86.4,6,35,41,19,24,4,5,15,-1,
IND,IND vs. CHI,05/19/2018,L,40,64,28,76,36.8,3,15,20.0,5,8,62.5,9,23,32,16,7,7,3,15,-18,
CHI,CHI @ IND,05/19/2018,W,40,82,31,63,49.2,5,15,33.3,15,20,75.0,9,35,44,19,12,3,1,11,18,
DAL,DAL @ PHO,05/18/2018,L,40,78,29,80,36.3,4,20,20.0,16,18,88.9,11,28,39,16,12,2,4,24,-8,
PHO,PHO vs. DAL,05/18/2018,W,40,86,26,64,40.6,10,24,41.7,24,27,88.9,3,29,32,16,10,5,10,20,8,
LAS,LAS @ MIN,05/20/2018,W,40,77,29,72,40.3,3,18,16.7,16,20,80.0,5,20,25,13,7,14,1,20,1,
MIN,MIN vs. LAS,05/20/2018,L,40,76,27,55,49.1,3,7,42.9,19,22,86.4,6,35,41,19,24,4,5,15,-1,
IND,IND vs. CHI,05/19/2018,L,40,64,28,76,36.8,3,15,20.0,5,8,62.5,9,23,32,16,7,7,3,15,-18,
CHI,CHI @ IND,05/19/2018,W,40,82,31,63,49.2,5,15,33.3,15,20,75.0,9,35,44,19,12,3,1,11,18,
DAL,DAL @ PHO,05/18/2018,L,40,78,29,80,36.3,4,20,20.0,16,18,88.9,11,28,39,16,12,2,4,24,-8,
PHO,PHO vs. DAL,05/18/2018,W,40,86,26,64,40.6,10,24,41.7,24,27,88.9,3,29,32,16,10,5,10,20,8,
